13.,
13ç‚¹,
2 girls 1 cup,
2g1c,
2girls1cup,
3p,
4r5e,
5h1t,
5hit,
a55,
a55hole,
a_s_s,
aand,
aandu,
aardappels afgieten,
aardappels afgieteng,
abbuc,
abkir,
abkiram,
aborto,
achter het raam zitten,
acrotomophilia,
aeolus,
afberen,
aflebberen,
afrossen,
afrukken,
aftrekken,
afwerkplaats,
afzeiken,
afzuigen,
ahole,
ajeá¸¥niá¸,
akamai,
alabama hot pocket,
alabamahotpocket,
alaskan pipeline,
alaskanpipeline,
alfred nussi,
allumÃ©,
allumÃ©e,
allupato,
am,
amador,
amat,
amcÄ±k,
amcÄ±klar,
amcÄ±klara,
amcÄ±klarda,
amcÄ±klardan,
amcÄ±klarÄ±,
amcÄ±klarÄ±n,
amcÄ±kta,
amcÄ±ktan,
amcÄ±ÄŸa,
amcÄ±ÄŸÄ±,
amcÄ±ÄŸÄ±n,
amlar,
ammaato,
ammucchiata,
amÄ±,
anak ka ng puta,
anal,
anale,
analprobe,
analritter,
anderhalve man en een paardekop,
anilingus,
anita,
anus,
apeshit,
aqerqur,
ar5e,
aranha,
areola,
areole,
arian,
ariano,
arrapato,
arrse,
arrusa,
arruso,
arsch,
arschficker,
arschlecker,
arschloch,
arse,
arsehole,
arsle,
aryan,
asbak,
asesinato,
asno,
aso,
ass,
ass-fucker,
ass_lick,
assatanato,
assbang,
assbanged,
assbangs,
asses,
assfuck,
assfucker,
assfukka,
assh0le,
asshat,
assho1e,
asshole,
assholes,
asskisser,
assmaster,
assmunch,
asswhole,
asswipe,
asswipes,
asxuáº“eá¸,
auto erotic,
autoerotic,
awellaq,
axuzziá¸,
azazel,
azz,
aÎµeá¹­á¹­uá¸,
aá¸¥eÄÄun,
b00bs,
b17ch,
b1tch,
babe,
babeland,
babes,
baby batter,
baby juice,
babybatter,
babyjuice,
bagascia,
bagassa,
bagger schijten,
bagnarsi,
baiser,
balalao,
balatkar,
balatkari,
baldracca,
balen,
balfasz,
balfaszok,
balfaszokat,
balfaszt,
ball gag,
ball gravy,
ball kicking,
ball licking,
ball sack,
ball sucking,
ballbag,
balle,
ballgag,
ballgravy,
ballkicking,
balllicking,
balls,
ballsack,
ballsucking,
bander,
bang,
bangbros,
bangbus,
banger,
bareback,
barely legal,
barelylegal,
barenaked,
barf,
barmok,
barmokat,
barmot,
barom,
bastard,
bastardo,
bastards,
bastinado,
baszik,
battere,
battona,
bawdy,
bayag,
bazmeg,
bbw,
bdsm,
beaner,
beaners,
beardedclam,
beastial,
beastiality,
beastility,
beatch,
beater,
beaver,
beaver cleaver,
beaver lips,
beavercleaver,
beaverlips,
bedonderen,
beer,
beeyotch,
befborstel,
befborstelg,
beffen,
behen chod,
bekken,
belazeren,
belino,
bellend,
belly whacker,
beotch,
besodemieterd zijn,
besodemieteren,
bestial,
bestiality,
beti chod,
beurt,
bhadva,
bhadve,
bhandve,
bhangi,
bhootni ke,
bhosad,
bhosadi ke,
biatch,
bich,
bicha,
bicurious,
big black,
big breasts,
big knockers,
big tits,
biga,
bigblack,
bigbreasts,
bigknockers,
bigornette,
bigtits,
bimbo,
bimbos,
birdlock,
biscate,
bissexual,
bitch,
bitched,
bitcher,
bitchers,
bitches,
bitchin,
bitching,
bitchy,
bite,
bitte,
black cock,
blackcock,
bloblos,
blonde action,
blonde on blonde action,
blondeaction,
blondeonblondeaction,
bloody,
blow,
blow job,
blow your load,
blowjob,
blowjobs,
blowyourload,
blue waffle,
bluewaffle,
blumpkin,
bobo,
bocchinara,
bocchino,
boceta,
bod,
bodily,
boemelen,
boerelul,
boerenpummel,
boerenpummelg,
bofilo,
boiata,
boink,
boiolas,
bokkelul,
bokonamet,
bollera,
bollock,
bollocks,
bollok,
bondage,
bone,
boned,
bonehead,
boner,
boners,
bong,
bonze,
boob,
boobe,
boobies,
boobs,
booby,
booger,
bookie,
booobs,
boooobs,
booooobs,
booooooobs,
bootee,
bootie,
booty,
booty call,
bootycall,
booze,
boozer,
boozy,
bordel,
bordello,
bosom,
bosomy,
bosser,
bosta,
botergeil,
bourrÃ©,
bourrÃ©e,
bowel,
bowels,
bra,
brackmard,
branlage,
branler,
branlette,
branleur,
branleuse,
brassiere,
bratze,
braulio de borracha,
breast,
breasts,
brinca,
broekhoesten,
brouter le cresson,
brown eye,
brown showers,
browneye,
brownshowers,
browntown,
brugpieper,
brugpieperg,
brunette action,
brunetteaction,
brutta,
btch,
bucaiolo,
buceta,
bucket cunt,
budiÃ¹lo,
buffelen,
bugger,
bugren,
bugri,
bugru,
buiten de pot piesen,
bukkake,
buksza,
bukszÃ¡k,
bukszÃ¡kat,
bukszÃ¡t,
bull shit,
bulldyke,
bullet vibe,
bulletvibe,
bullshit,
bullshits,
bullshitted,
bullturds,
bum,
bumbum,
bumphucking,
bumsen,
bung,
bung hole,
bunghole,
bunnyfucker,
buona donna,
burat,
burdel,
burdelmama,
burro,
busone,
busty,
butch,
butt,
butt breath,
butt fucker,
butt hair,
buttcheeks,
buttface,
buttfuck,
buttfucker,
butthead,
butthole,
buttmuch,
buttpicker,
buttplug,
buzna,
bychara,
byk,
bylsiÃ¤,
bÃ¸sserÃ¸v,
bÃºr,
bÃºrok,
c-0-c-k,
c-o-c-k,
c-u-n-t,
c.0.c.k,
c.o.c.k.,
c.u.n.t,
c0ck,
c0cksucker,
cabrao,
cabron,
cabrÃ³n,
caca,
cacca,
caccati in mano e prenditi a schiaffi,
cacete,
caciocappella,
cadavere,
cagar,
cagare,
cagata,
cagna,
cahone,
cailler,
calice,
camel toe,
cameltoe,
camgirl,
camisinha,
cammello,
camslut,
camwhore,
cappella,
caralho,
carciofo,
caritÃ ,
carpet muncher,
carpetmuncher,
casci,
cawk,
cazzata,
cazzimma,
cazzo,
cazzone,
cerveja,
cervix,
cesso,
chakke,
chatte,
chcanky,
checca,
chernozhopyi,
chiappa,
chiasse,
chiavare,
chiavata,
chier,
chinaal,
chinc,
chincs,
chink,
chinki,
chiottes,
chochota,
chocolate rosebuds,
chocolaterosebuds,
chod,
chode,
chodes,
chodu,
chodu bhagat,
chooche,
choochi,
choope,
choot,
choot ke baal,
chootia,
chootiya,
chuche,
chuchi,
chudaap,
chudai khanaa,
chudam chudai,
chudan chudai,
chude,
chuj,
chujnia,
chupada,
chupapollas,
chupar,
chupetÃ³n,
chut,
chut ka chuha,
chut ka churan,
chut ka mail,
chut ke baal,
chut ke dhakkan,
chut maarli,
chutad,
chutadd,
chutan,
chutia,
chutiya,
cialis,
ciospo,
ciota,
cipa,
circle jerk,
circlejerk,
ciucciami il cazzo,
cl1t,
clam,
cleveland steamer,
clevelandsteamer,
climax,
clit,
clito,
clitoris,
clitorus,
clits,
clitty,
clover clamps,
cloverclamps,
clusterfuck,
cnut,
cobia,
cocain,
cocaine,
cocaÃ­na,
cock,
cock-sucker,
cockblock,
cockface,
cockhead,
cockholster,
cockknocker,
cockmunch,
cockmuncher,
cocks,
cocksmoker,
cocksuck,
cocksucked,
cocksucker,
cocksucking,
cocksucks,
cocksuka,
cocksukka,
coglione,
coglioni,
coital,
coito,
cok,
cokmuncher,
coksucka,
colhoes,
comer,
commie,
con,
cona,
concha,
concha de tu madre,
condom,
connard,
connasse,
conne,
consolo,
coon,
coons,
cooter,
coprofagÃ­a,
coprolagnia,
coprophilia,
corksucker,
cornhole,
corno,
cornuto,
couilles,
cox,
cozza,
coÃ±o,
crabs,
crack,
cracker,
crackwhore,
cramouille,
crap,
crappy,
creampie,
criss,
crisse,
csÃ¶cs,
csÃ¶csÃ¶k,
csÃ¶csÃ¶ket,
csÃ¶csÃ¶t,
cu,
cul,
culattina,
culattone,
culo,
cum,
cummer,
cummin,
cumming,
cums,
cumshot,
cumshots,
cumslut,
cumstain,
cunilingus,
cunillingus,
cunnilingus,
cunny,
cunt,
cuntface,
cunthunter,
cuntlick,
cuntlicker,
cuntlicking,
cunts,
cyalis,
cyberfuc,
cyberfuck,
cyberfucked,
cyberfucker,
cyberfuckers,
cyberfucking,
cyc,
d0ng,
d0uch3,
d0uche,
d1ck,
d1ld0,
d1ldo,
da's kloten van de bok,
dago,
dagos,
dahanet,
dammit,
damn,
damned,
damnit,
dar o rabo,
darkie,
date rape,
daterape,
dawgie-style,
de ballen,
de hoer spelen,
de hond uitlaten,
de koffer induiken,
de pijp aan maarten geven,
de pijp uitgaan,
debil,
deep throat,
deepthroat,
del,
delg,
dendrophilia,
di merda,
dick,
dick-ish,
dickbag,
dickdipper,
dickface,
dickflipper,
dickhead,
dickheads,
dickish,
dickripper,
dicksipper,
dickweed,
dickwhipper,
dickzipper,
diddle,
dike,
dildo,
dildos,
diligaf,
dillweed,
dimwit,
dingle,
dingleberries,
dingleberry,
dink,
dinks,
diofek,
diofeka,
dipship,
dipshit,
dirsa,
dirty pillows,
dirty sanchez,
dirtypillows,
dirtysanchez,
discofitta,
ditalino,
dlck,
dmuchaÄ‡,
do kurwy nÄ™dzy,
do piÄe,
do prdele,
dog style,
dog-fucker,
doggie style,
doggie-style,
doggiestyle,
doggin,
dogging,
doggy style,
doggy-style,
doggystyle,
dogstyle,
dolboy'eb,
dolcett,
dombo,
domination,
dominatrix,
dommes,
dong,
donkey punch,
donkeypunch,
donkeyribber,
doofus,
doosh,
dopey,
double dong,
double penetration,
doubledong,
doublepenetration,
douch3,
douche,
douche bag,
douchebag,
douchebags,
douchey,
dp action,
dpaction,
dra Ã¥t helvete,
draaikont,
draaikontg,
drague,
driehoog achter wonen,
dritt,
drittsekk,
drogas,
drol,
drolg,
drooggeiler,
droogkloot,
drunk,
dry hump,
dryhump,
drÅ¡Å¥ka,
drÅ¾ka,
duche,
dum raio,
dumass,
dumbass,
dumbasses,
dummy,
dupa,
dupek,
duperele,
duro,
dvda,
dyke,
dykes,
dziwka,
dÃ©conne,
dÃ©conner,
dÃ¶del,
eat my ass,
eatmyass,
ebalnik,
ebalo,
ebalom sch'elkat,
ecchi,
een beurt geven,
een halve man en een paardekop,
een nummertje maken,
een wip maken,
eikel,
ejaculate,
ejaculated,
ejaculates,
ejaculating,
ejaculatings,
ejaculation,
ejakulate,
emmerdant,
emmerder,
emmerdeur,
emmerdeuse,
enculeur,
enculeurs,
enculÃ©,
enculÃ©e,
enfoirÃ©,
enfoirÃ©e,
engerd,
enlargement,
erect,
erection,
erotic,
erotism,
escort,
esperma,
esporra,
essohbee,
ethical slut,
ethicalslut,
eunuch,
extacy,
extasy,
f-u-c-k,
f.u.c.k,
f4nny,
f_u_c_k,
fack,
faen,
faen i helvete,
fag,
fagg,
fagged,
fagget,
fagging,
faggit,
faggitt,
faggot,
faggs,
fagot,
fagots,
fags,
faig,
faigt,
fan,
fanken,
fanny,
fannybandit,
fannyflaps,
fannyfucker,
fanyy,
fare unaÅ¡,
fart,
farted,
farting,
fartings,
fartknocker,
farts,
farty,
fasz,
faszfej,
faszfejek,
faszfejeket,
faszfejet,
faszok,
faszokat,
faszt,
fat,
fatass,
fatso,
fava,
fcuk,
fcuker,
fcuking,
fecal,
feck,
fecker,
fek,
feken,
fekfikanto,
feklekulo,
fekulo,
felatio,
felch,
felcher,
felching,
fellate,
fellatio,
feltch,
feltcher,
female squirting,
femalesquirting,
femdom,
femminuccia,
fica,
fick,
ficken,
fiesta de salchichas,
figa,
figging,
figlio di buona donna,
figlio di puttana,
figone,
fik,
fikado,
fikema,
fikfek,
fiki,
fikilo,
fikiÄi,
fikiÄu,
fikklaÅ­no,
fikota,
fiku,
filho da puta,
fille de pute,
fils de pute,
fing,
fingerbang,
fingerfuck,
fingerfucked,
fingerfucker,
fingerfuckers,
fingerfucking,
fingerfucks,
fingering,
fingok,
fingokat,
fingot,
finocchio,
fisse,
fissehÃ¥r,
fisted,
fistfuck,
fistfucked,
fistfucker,
fistfuckers,
fistfucking,
fistfuckings,
fistfucks,
fisting,
fisty,
fitta,
fitte,
fittig,
fiut,
flamoes,
flange,
flikken,
flikker,
flittchen,
floozy,
flundra,
foad,
foda,
foda-se,
foder,
follador,
follar,
folle,
fondle,
foobar,
fook,
fooker,
foot fetish,
footfetish,
footjob,
forbanna,
forbannet,
foreskin,
forfiki,
forfikiÄu,
forfiku,
forfurzu,
forjÃ¦vlig,
forpisi,
forpisu,
fottere,
fottersi,
fotze,
foutre,
fracicone,
franc,
francok,
francokat,
francot,
frango assado,
fratze,
freex,
fregna,
frigg,
frigga,
frocio,
froscio,
frotting,
fubar,
fuck,
fuck buttons,
fuck-tard,
fucka,
fuckass,
fuckbuttons,
fucked,
fucker,
fuckers,
fuckface,
fuckhead,
fuckheads,
fuckin,
fucking,
fuckings,
fuckingshitmotherfucker,
fuckme,
fucknugget,
fucknut,
fuckoff,
fucks,
fucktard,
fucktards,
fuckup,
fuckwad,
fuckwhit,
fuckwit,
fudge packer,
fudgepacker,
fuk,
fuker,
fukker,
fukkin,
fuks,
fukwhit,
fukwit,
fuori come un balcone,
furburger,
furzulo,
futanari,
fux,
fux0r,
fvck,
fxck,
fy faen,
fÃ¶r helvete,
fÃ¸kk,
fÃ¸kka,
fÃ¸kkings,
g ã‚¹ãƒãƒƒãƒˆ,
g-spot,
gaand,
gaandfat,
gaandmasti,
gaandufad,
gadverdamme,
gae,
gahidamet,
gai,
galbak,
gandfattu,
gandu,
gang bang,
gangbang,
gangbanged,
gangbangs,
ganja,
gashti,
gasti,
gat,
gay,
gay sex,
gaylord,
gays,
gaysex,
gazongers,
geci,
gecibb,
gecik,
geciket,
gecit,
gedoogzone,
geilneef,
genitals,
gerbe,
gerber,
gesodemieter,
gey,
gfy,
ghahidam,
ghassa,
ghasti,
ghay,
ghey,
ghuy'cha',
giant cock,
giantcock,
gigolo,
gilipichis,
gilipollas,
girl on,
girl on top,
girlon,
girlontop,
girls gone wild,
girlsgonewild,
glans,
goatcx,
goatse,
god,
god damn,
god-dam,
god-damned,
godamn,
godamnit,
goddam,
goddammit,
goddamn,
goddamned,
godverdomme,
gokkun,
gol,
golden shower,
goldenshower,
goldone,
gonad,
gonads,
goo girl,
goodpoop,
googirl,
gook,
gooks,
goregasm,
gouine,
gozar,
graftak,
grande folle,
gras maaien,
gratenkut,
gratenkutg,
grelho,
greppeldel,
griet,
grilletto,
gringo,
grogniasse,
grope,
group sex,
groupsex,
gspot,
gtfo,
guanto,
guardone,
gucchi,
gucchu,
gueule,
guido,
guinne,
guro,
gÃ³wno,
gÃ³wno prawda,
gÃ¶t,
gÃ¶te,
gÃ¶tler,
gÃ¶tlerde,
gÃ¶tlerden,
gÃ¶tlere,
gÃ¶tleri,
gÃ¶tlerin,
gÃ¶tte,
gÃ¶tten,
gÃ¶tveren,
gÃ¶tverende,
gÃ¶tverenden,
gÃ¶tverene,
gÃ¶tvereni,
gÃ¶tverenin,
gÃ¶tverenler,
gÃ¶tverenlerde,
gÃ¶tverenlerden,
gÃ¶tverenlere,
gÃ¶tverenleri,
gÃ¶tverenlerin,
gÃ¶tÃ¼,
gÃ¶tÃ¼n,
h0m0,
h0mo,
haahka,
hacer una paja,
haciendo el amor,
hackfresse,
haista paska,
haista vittu,
hajzl,
hamjensbaz,
hand job,
handjob,
harami,
haramzade,
hard core,
hard on,
hardcore,
hardcoresex,
hardon,
haromzade,
hatullinen,
hawas,
hawas ke pujari,
he11,
hebe,
heeb,
hell,
helvete,
helvetet,
helvetisti,
hemp,
hentai,
heroin,
heroÃ­na,
herp,
herpes,
herpy,
heshe,
hestepik,
heterosexual,
hevonkuusi,
hevonpaska,
hevonperse,
hevonvittu,
hevonvitunperse,
hija de puta,
hijaputa,
hijda,
hijo de puta,
hijoputa,
hijra,
hitler,
hitosti,
hitto,
hiv,
hoar,
hoare,
hobag,
hoempert,
hoer,
hoerenbuurt,
hoerenloper,
hoerig,
hol,
hom0,
homem gay,
homey,
homo,
homoerotic,
homoerÃ³tico,
homoey,
homosexual,
honkey,
honky,
hooch,
hookah,
hooker,
hoor,
hootch,
hooter,
hooters,
hore,
horniest,
horny,
hot carl,
hot chick,
hotcarl,
hotchick,
hotsex,
hovno,
how to kill,
how to murder,
howtokill,
howtomurder,
hufter,
huge fat,
hugefat,
huisdealer,
huj,
huj ci w dupÄ™,
hump,
humped,
humping,
huorata,
hure,
hurensohn,
hussy,
hymen,
hÃ¤ssiÃ¤,
hÃ¥rd,
idiota,
imbecille,
imbÃ©cil,
inbred,
incazzarsi,
incest,
incoglionirsi,
inferno,
infierno,
ingoio,
injun,
intercourse,
ische,
iwellaqen,
iá¸¥eÄÄan,
iá¸¥eÄÄunen,
j3rk0ff,
ja pierdolÄ™,
jack off,
jack-off,
jackass,
jackhole,
jacking off,
jackoff,
jail bait,
jailbait,
jajco,
jajeczko,
jajko,
jajo,
jakesh,
jakol,
jap,
japs,
jebany,
jebat,
jebaÄ‡,
jelly donut,
jellydonut,
jendeh,
jendekhanom,
jerk,
jerk off,
jerk-off,
jerk0ff,
jerked,
jerkoff,
jhant,
jhant chaatu,
jhant ka keeda,
jhant ke baal,
jhant ke pissu,
jhantu,
jigaboo,
jiggaboo,
jiggerboo,
jilipollas,
jism,
jiz,
jizm,
jizz,
jizzed,
johny,
jouir,
juggs,
junkie,
junky,
juosten kustu,
jutku,
jutsku,
jÃ¤tkÃ¤,
jÃ¤vlar,
jÃ¦vla,
jÃ¦vlig,
kacen,
kackbratze,
kacke,
kacken,
kackwurst,
kaco,
kacsuÄ‰ulo,
kaltak,
kaltaklar,
kaltaklara,
kaltaklarda,
kaltaklardan,
kaltaklarÄ±,
kaltaklarÄ±n,
kaltakta,
kaltaktan,
kaltaÄŸa,
kaltaÄŸÄ±,
kaltaÄŸÄ±n,
kamine,
kaminey,
kampflesbe,
kanake,
kananpaska,
kanen,
kanjar,
kantot,
kapullo,
kawk,
kettingzeug,
kettingzeugg,
kharkooni,
kharkosde,
khayemal,
kibaszott,
kibaszottabb,
kiiram,
kike,
kikes,
kill,
kimme,
kinbaku,
kinkster,
kinky,
kiram,
kiramm,
kiret,
kiri,
kiriyy,
kiry,
kkiiram,
kkk,
klaarkomen,
klan,
klerebeer,
klojo,
klooien,
klootjesvolk,
klootoog,
klootzak,
kloten,
knob,
knobbing,
knobead,
knobed,
knobend,
knobhead,
knobjocky,
knobjokey,
knor,
knulla,
kock,
koiranpaska,
kojono,
kokot,
kokotina,
kondum,
kondums,
konizade,
kont,
kontg,
kontneuken,
kooch,
kooches,
kooni,
kooooose,
kootch,
kos kesh,
kose,
kose nanat,
koskesh,
koskhol,
kosokon,
kosokoon,
kosse,
kossher,
koÅˆomrd,
kraut,
krentekakker,
kuin esterin perseestÃ¤,
kuk,
kukene,
kuker,
kuksuger,
kuksÃ¥s,
kulli,
kullinluikaus,
kum,
kummer,
kumming,
kums,
kunda,
kunilingus,
kuppainen,
kurafi,
kurafik,
kurafikat,
kurafit,
kurva,
kurvÃ¡k,
kurvÃ¡kat,
kurvÃ¡t,
kurwa,
kurwy,
kusaista,
kuseksia,
kusettaa,
kusi,
kusipÃ¤Ã¤,
kussekryller,
kusta,
kut,
kutafon,
kutas,
kutta,
kutta kamina,
kutte ki aulad,
kutte ki jat,
kuttelikkertje,
kuttiya,
kwakkie,
kwakkieg,
kyke,
kyrpiintynyt,
kyrpiintyÃ¤,
kyrpiÃ¤,
kyrpÃ¤,
kyrpÃ¤naama,
kyrvitys,
kÃ¶tthuvud,
kÃ¶ttnacke,
kÃºr,
l'arte bolognese,
l3ich,
l3itch,
la putain de ta mÃ¨re,
labia,
lahtari,
lameculos,
lashi,
leather restraint,
leather straight jacket,
leatherrestraint,
leatherstraightjacket,
leccaculo,
lecchino,
lech,
leggecibb,
legkibaszottabb,
legszarabb,
lemon party,
lemonparty,
leper,
lesbian,
lesbians,
lesbo,
lesbos,
lez,
lezbian,
lezbians,
lezbo,
lezbos,
lezzie,
lezzies,
lezzy,
liefdesgrot,
livesex,
lizaÄ‡ paÅ‚Ä™,
lmao,
lmfao,
loda,
lodu,
lofare,
loffa,
loffare,
loin,
loins,
lolita,
lort,
lovemaking,
lube,
luder,
lul,
lul-de-behanger,
lulhannes,
lumaca,
lummel,
lund,
lund choos,
lund ka bakkal,
lund khajoor,
lundtopi,
lundure,
lust,
lusting,
lusty,
lutka,
lÃ©sbica,
lÃ¼mmel,
m-fucking,
m0f0,
m0fo,
m45terbate,
ma5terb8,
ma5terbate,
maa ki chut,
maal,
maciza,
macizorra,
madar chod,
madar jende,
madarchod,
madhavchod,
mafketel,
make me come,
makemecome,
maldito,
male squirting,
malesquirting,
malpt,
mama,
mamada,
mamrd,
mams,
manico,
mannaggia,
marg bar,
margbar,
marha,
marhÃ¡k,
marhÃ¡kat,
marhÃ¡t,
marica,
mariconazo,
maricÃ³n,
martillo,
masochist,
massa,
master-bate,
masterb8,
masterbat,
masterbat3,
masterbate,
masterbating,
masterbation,
masterbations,
masturbate,
masturbating,
masturbation,
matennaaier,
matennaaierg,
matje,
maxi,
megdÃ¶glik,
menage a trois,
menageatrois,
menses,
menstruate,
menstruation,
merda,
merdata,
merde,
merdeuse,
merdeux,
merdoso,
meth,
meuf,
mick,
mierda,
mignotta,
mikhorosh,
milf,
minchia,
minchione,
missionary position,
missionaryposition,
mo-fo,
mof,
mof0,
mofo,
molest,
molo,
molopÃ¤Ã¤,
mona,
mong,
monta,
montare,
mooh mein le,
moolie,
moona,
moonade,
moonar,
moonat,
morapuller,
morgenlatte,
moron,
morraknuller,
morrapuler,
mothafuck,
mothafucka,
mothafuckas,
mothafuckaz,
mothafucked,
mothafucker,
mothafuckers,
mothafuckin,
mothafucking,
mothafuckings,
mothafucks,
motherfuck,
motherfucka,
motherfucked,
motherfucker,
motherfuckers,
motherfuckin,
motherfucking,
motherfuckings,
motherfuckka,
motherfucks,
mound of venus,
moundofvenus,
mr hands,
mrdat,
mrdka,
mrdnÃ­k,
mrhands,
mtherfucker,
mthrfucker,
mthrfucking,
mudack,
muff,
muff diver,
muffdiver,
muffdiving,
mufti,
mulkero,
mulkku,
mulkvisti,
muna,
munapÃ¤Ã¤,
munaton,
murder,
muschi,
mussa,
mutakuono,
mutha,
muthafecker,
muthafuckaz,
muthafucker,
muthafuckker,
muther,
mutherfucker,
mutherfucking,
muthrfucking,
mutiainen,
muts,
mutsg,
mutta,
mutth,
mutthal,
mÃ©nage a trois,
mÃ©nage Ã  trois,
mÃ¶pse,
mÃ¶se,
n1gga,
n1gger,
naaien,
naakt,
naanat,
nackt,
nad,
nads,
naida,
nainti,
najayaz,
najayaz aulaad,
najayaz paidaish,
naked,
nambla,
nanato,
nanattttt,
nanayeh,
naneeye,
naneye,
nannat,
napalm,
nappy,
narttu,
nave scuola,
nawashi,
nazi,
nazism,
neekeri,
neger,
negro,
nekru,
neonazi,
nerchia,
neuken,
neukstier,
nicht,
nig nog,
nigg3r,
nigg4h,
nigga,
niggah,
niggas,
niggaz,
nigger,
niggers,
niggle,
niglet,
nignog,
nimphomania,
nimrod,
ninny,
nippel,
nipple,
nipples,
nique ta mÃ¨re,
nique ta race,
nob,
nobhead,
nobjocky,
nobjokey,
nognog,
nooky,
noune,
nsfw,
nsfw images,
nsfwimages,
nude,
nudity,
nudo,
numbnuts,
nuolla persettÃ¤,
nussia,
nussija,
nussinta,
nutsack,
nutte,
nutten,
nympho,
nymphomania,
nÃ¨gre,
obciÄ…gaÄ‡ chuja,
obciÄ…gaÄ‡ fiuta,
obciÄ…gaÄ‡ loda,
octopussy,
oetlul,
olla,
omg,
omorashi,
onanieren,
one cup two girls,
one guy one jar,
onecuptwogirls,
oneguyonejar,
op z'n hondjes,
op z'n sodemieter geven,
opgeilen,
opiate,
opium,
opizdenet,
opkankeren,
oprotten,
opsodemieteren,
opzouten,
oral,
orally,
organ,
orgasim,
orgasims,
orgasm,
orgasmic,
orgasms,
orgasmus,
orgies,
orgy,
orina,
orospu,
orospuda,
orospudan,
orospular,
orospulara,
orospularda,
orospulardan,
orospularÄ±,
orospularÄ±n,
orospunun,
orospuya,
orospuyu,
osloÅ¡oust,
osti,
osto'eblo,
ostokhuitel'no,
ot'ebis,
otmudohat,
otpizdit,
otsosi,
otuz birci,
otuz bircide,
otuz birciden,
otuz birciler,
otuz bircilerde,
otuz bircilerden,
otuz bircilere,
otuz bircileri,
otuz bircilerin,
otuz bircinin,
otuz birciye,
otuz birciyi,
ouwe rukker,
ouwehoer,
ouwehoeren,
ovary,
ovum,
ovums,
p.u.s.s.y.,
p0rn,
paal,
paardelul,
paddy,
padlo,
padulo,
paedophile,
paki,
pakkis,
palen,
paljaalla,
palle,
palli,
pallit,
palloso,
palucher,
paneleiro,
paneskella,
panettaa,
panna,
pano,
pantava,
pantie,
panties,
panty,
paska,
paskainen,
paskamainen,
paskanmarjat,
paskantaa,
paskapuhe,
paskapÃ¤Ã¤,
paskattaa,
paskiainen,
paskoa,
passar um cheque,
pastie,
pasty,
patacca,
pataka,
patakha,
patiyare,
patonza,
pau,
pawn,
pcp,
pecker,
pecorina,
pedar sag,
pedarsag,
pedik,
pedo,
pedobear,
pedophile,
pedophilia,
pedophiliac,
pee,
peepee,
pegging,
pehko,
peidar,
pele,
pelÃ©k,
pendejo,
penetrate,
penetration,
penial,
penile,
penis,
penisfucker,
penoze,
penozeg,
pentele,
perdet,
perkele,
perkeleesti,
persaukinen,
perse,
perseennuolija,
perseet olalla,
persereikÃ¤,
perseÃ¤Ã¤liÃ¶,
perslÃ¤pi,
perspano,
persvako,
perversion,
pervertido,
pesce,
peston,
petuh,
peyote,
pezÃ³n,
phalli,
phallic,
phone sex,
phonesex,
phuck,
phuk,
phuked,
phuking,
phukked,
phukking,
phuks,
phuq,
picio,
picsa,
picsÃ¡kat,
picsÃ¡t,
pidar gnoinyj,
piece of shit,
pieceofshit,
pieprzyÄ‡,
pierdolec,
pierdoliÄ‡,
pierdolniÄ™ty,
pierdolnÄ…Ä‡,
pierdoÅ‚a,
pierdzieÄ‡,
piesen,
pigfucker,
pijpbekkieg,
pijpen,
pik,
pikey,
pikhÃ¥r,
pikk,
pikslugeri,
piksutteri,
pilkunnussija,
pillowbiter,
pillu,
pillut,
pimmel,
pimp,
pimpern,
pimpis,
pina,
pincare,
pinche,
pinkeln,
pinko,
pinnolone,
pinto,
pinÃ¡k,
pinÃ¡kat,
pinÃ¡t,
pipa,
pipari,
pipe,
pipi,
pippa,
pippone,
pipÃ¬,
pirla,
piru,
pis,
pisciare,
piscio,
pisello,
piss,
piss pig,
piss-off,
pissed,
pissen,
pisser,
pissers,
pisses,
pissflaps,
pissin,
pissing,
pissoff,
pisspig,
pissrr,
pistola,
pistolotto,
pistÃ¤Ã¤,
pitt,
piz'det,
piz`dyulina,
pizd'uk,
pizda,
pizdato,
pizdatyi,
pizdetc,
pizdoi nakryt'sja,
piÄ‰en,
piÄ‰o,
piÄa,
playboy,
pleasure chest,
pleasurechest,
pleurislaaier,
pms,
po khuy,
po'imat' na konchik,
po'iti posrat,
podi ku'evo,
poeben,
poep,
poepen,
pofa,
pofioos,
pofius,
pofÃ¡kat,
pofÃ¡t,
pojeb,
pojebany,
pokker,
polack,
pole smoker,
polesmoker,
pollock,
poluchit pizdy,
pomiciare,
pompa,
pompino,
ponyplay,
poof,
poon,
poontang,
poop,
poop chute,
poopchute,
poot,
popel,
popierdolony,
poppen,
porca,
porca madonna,
porca miseria,
porca puttana,
porco,
porco due,
porco zio,
porn,
porno,
pornography,
pornos,
porra,
portiekslet,
pososi moyu konfetku,
pot,
potta,
potty,
potverdorie,
pouffiasse,
pousse-crotte,
prcat,
prdel,
prdelka,
prick,
pricks,
prig,
prince albert piercing,
princealbertpiercing,
prissat,
proebat,
promudobl'adsksya pizdopro'ebina,
pron,
propezdoloch,
prosrat,
prostituta,
prostitute,
prude,
prutt,
pthc,
pube,
pubes,
pubic,
pubis,
publiciteitsgeil,
puler,
puller,
punany,
punci,
puncik,
punkass,
punky,
puppami,
puss,
pusse,
pussi,
pussies,
pussy,
pussypounder,
pussys,
puta,
puta ka,
puta que pariu,
puta que te pariu,
putain,
putang ina,
pute,
puto,
puttana,
pyllyvako,
pÃ©dale,
pÃ©dÃ©,
pÃ©ter,
pÃªnis,
pÃ­chat,
pÃ­Äus,
pÃ¶cs,
pÃ¶csÃ¶k,
pÃ¶csÃ¶ket,
pÃ¶csÃ¶t,
pÃ¶k,
qi'yah,
qqan,
qqant,
qqiÉ£,
qqu,
qquÉ£,
qu'vatlh,
quaglia,
queaf,
queca,
queef,
queer,
queero,
queers,
queue,
quicky,
quim,
r-tard,
raand,
raaskallen,
racista,
racy,
raghead,
raging boner,
ragingboner,
ramera,
ramoner,
randaap,
randi,
randi rona,
rape,
raped,
raper,
raping,
rapist,
raspeezdeyi,
raspizdatyi,
raunch,
raz'yebuy,
raz'yoba,
recchione,
rectal,
rectum,
rectus,
reefer,
reet,
reet trappen,
reetard,
reetridder,
regina,
reich,
reikÃ¤,
remsporen,
remsporeng,
retard,
retarded,
reudig,
reutelen,
reva,
reverse cowgirl,
reversecowgirl,
revue,
rid,
ridd,
riddd,
riid,
riiid,
riiiiiid,
rimjaw,
rimjob,
rimming,
rincoglionire,
ripsipiirakka,
ritard,
rizzarsi,
robic loda,
robiÄ‡ loda,
rompiballe,
rompipalle,
rosette,
rosy palm,
rosy palm and her 5 sisters,
rosypalm,
rosypalmandher5sisters,
rothoer,
rotzak,
rtard,
ruchaÄ‡,
ruffiano,
rukhond,
rukken,
rum,
rump,
rumprammer,
runka,
runkata,
runkkari,
runkkaus,
runkku,
ruski,
rusty trombone,
rustytrombone,
ryssÃ¤,
rzygaÄ‡,
rÃ¤ttipÃ¤Ã¤,
rÃ¦va,
rÃ¦ven,
rÃ¶v,
rÃ¶vhÃ¥l,
rÃ¶vknulla,
rÃ¸v,
rÃ¸vhul,
rÃ¸vskÃ¦g,
rÃ¸vsprÃ¦ke,
s ï¼† m,
s&m,
s'ebat'sya,
s-h-1-t,
s-h-i-t,
s-o-b,
s.h.i.t.,
s.o.b.,
s0b,
s_h_i_t,
saak,
saala,
saala kutta,
saali kutti,
saali randi,
saatanasti,
sac Ã  foutre,
sac Ã  merde,
sacanagem,
saco,
sadism,
sadist,
sag pedar,
saksocu,
saksocuda,
saksocudan,
saksocular,
saksoculara,
saksocularda,
saksoculardan,
saksocularÄ±,
saksocularÄ±n,
saksocunun,
saksocuya,
saksocuyu,
salaud,
salope,
santorum,
satan,
sbattere,
sbattersi,
sborra,
sborrata,
sborrone,
sbrodolata,
scag,
scantily,
scat,
schabracke,
schatje,
scheisser,
scheiÃŸe,
schiesser,
schijt,
schijten,
schizo,
schlampe,
schlong,
schnackeln,
schoft,
schuinsmarcheerder,
schwanzlutscher,
schwuchtel,
scissoring,
scopare,
scopata,
scorreggiare,
screw,
screwed,
screwing,
scroat,
scrog,
scrot,
scrote,
scrotum,
scrud,
scum,
seaman,
seamen,
seduce,
sega,
segg,
seggek,
seggeket,
segget,
seggfej,
seggfejek,
seggfejeket,
seggfejet,
semen,
sende,
sendeh,
serin,
service trois piÃ¨ces,
sex,
sexcam,
sexo,
sexo oral,
sexual,
sexuality,
sexually,
sexy,
sh,
sh1t,
shag,
shagger,
shaggin,
shagging,
shalava,
shamedame,
shaved beaver,
shaved pussy,
shavedbeaver,
shavedpussy,
sheister,
shemale,
shi,
shibari,
shit,
shitblimp,
shitdick,
shite,
shiteater,
shited,
shitey,
shitface,
shitfuck,
shitfull,
shithead,
shithole,
shithouse,
shiting,
shitings,
shits,
shitt,
shitted,
shitter,
shitters,
shitting,
shittings,
shitty,
shiz,
shota,
shrimping,
sht,
sik,
sike,
siker sikmez,
siki,
sikilir sikilmez,
sikin,
sikler,
siklerde,
siklerden,
siklere,
sikleri,
siklerin,
sikmek,
sikmemek,
sikte,
sikten,
siktir,
siktirir siktirmez,
sinnsykt,
sissy,
skag,
skank,
skeet,
skit ner dig,
skita,
skitt,
skurwysyn,
skÃ¤ggbiff,
slag,
slanteye,
slave,
sleaze,
sleazy,
slempen,
slet,
sletg,
sletterig,
slik mijn zaad,
slinguare,
slinguata,
slut,
slutdumper,
slutkiss,
sluts,
sm,
smandrappata,
smegma,
smut,
smutty,
små¥³ç‹,
snatch,
snedfitta,
snefitta,
sniper,
snol,
snolg,
snowballing,
snuff,
soccia,
socmel,
sodom,
sodomize,
sodomy,
son-of-a-bitch,
soplagaitas,
soplapollas,
sorca,
sotian,
sotrÃ¸r,
souse,
soused,
spac,
spagnola,
spastic,
sperm,
spic,
spick,
spik,
spiks,
splooge,
splooge moose,
sploogemoose,
spompinare,
spooge,
spread legs,
spreadlegs,
spuiten,
spunk,
sraczka,
sraÄ‡,
sraÄka,
srÃ¡t,
stake,
standje,
standje-69,
standje-69g,
steamy,
stfu,
sticchio,
stiffy,
stoephoer,
stoned,
stootje,
strap on,
strapon,
strappado,
strip,
strip club,
stripclub,
stroke,
stront,
strontg,
stronza,
stronzata,
stronzo,
stupid,
styervo,
style doggy,
styledoggy,
stÃ¥pikk,
stÃ¥pikkene,
stÃ¥pikker,
suar,
suar ke lund,
suar ki aulad,
subba,
succhiami,
succhione,
suce,
suck,
sucked,
sucking,
sucks,
sufferd,
sufferdg,
sug,
suger,
suicide girls,
suicidegirls,
suka,
sukin syn,
suklaaosasto,
sultry women,
sultrywomen,
sumofabiatch,
svartheiteste,
sveltina,
sverginare,
svodit posrat,
svoloch,
swastika,
swinger,
syf,
szajha,
szajhÃ¡k,
szajhÃ¡kat,
szajhÃ¡t,
szar,
szarabb,
szarik,
szarok,
szarokat,
szart,
sÃ¡dico,
sÃ¤tta pÃ¥,
sÃ¥s,
sÄ±Ã§mak,
t1t,
t1tt1e5,
t1tties,
tabarnak,
tainted love,
taintedlove,
tampon,
tanche,
tang ina,
tanga,
tangina,
tapette,
tapijtnek,
tard,
tarzanello,
taste my,
tastemy,
tatte,
tatti,
tavara,
tawdry,
taxna,
taÅŸak,
taÅŸaklar,
taÅŸaklara,
taÅŸaklarda,
taÅŸaklardan,
taÅŸaklarÄ±,
taÅŸaklarÄ±n,
taÅŸakta,
taÅŸaktan,
taÅŸaÄŸa,
taÅŸaÄŸÄ±,
taÅŸaÄŸÄ±n,
taá¸¥eÄÄunt,
tea bagging,
teabagging,
teat,
teef,
teefg,
teets,
teez,
temeier,
terd,
teri maa ka bhosada,
teri maa ka boba chusu,
teri maa ki behenchod,
teri maa ki chut,
teringlijer,
terrone,
test,
testa di cazzo,
teste,
testee,
testes,
testical,
testicle,
testis,
tetas grandes,
tette,
teuch,
teuf,
tharak,
tharki,
threesome,
throating,
thrust,
thug,
thumbzilla,
tied up,
tiedup,
tight white,
tightwhite,
tinkle,
tirare,
tit,
titfuck,
titi,
tits,
titt,
tittchen,
titten,
tittie5,
tittiefucker,
titties,
titty,
tittyfuck,
tittyfucker,
tittywank,
titwank,
to halghet,
toeter,
toke,
tongue in a,
tongueina,
tongzoeng,
toosa,
toots,
topa,
topless,
torneira,
tosser,
towelhead,
trakhat'sya,
tramp,
tranny,
transar,
transsexual,
trashy,
travesti,
tribadism,
trick,
trimandoblydskiy pizdoproyob,
tringler,
trio,
triootjeg,
trique,
troia,
trombare,
troncher,
trottoir prostituÃ©e,
trottoirteef,
trou du cul,
tteqqun,
tteqqunt,
tu chuda,
tub girl,
tubgirl,
tuhkaluukku,
tumputtaa,
turd,
turlute,
turpasauna,
tusan,
tush,
tushy,
tussu,
tussukka,
tussut,
tw4t,
twat,
twathead,
twats,
twatty,
twink,
twinkie,
two girls one cup,
twogirlsonecup,
twunt,
twunter,
tÃ­a buena,
u'ebitsche,
ubl'yudok,
uboy,
uccello,
ugly,
ulol,
undies,
undressing,
unwed,
upskirt,
uqan,
urethra play,
urethraplay,
urinal,
urine,
urophilia,
uterus,
utrecht,
uzi,
v pizdu,
v14gra,
v1gra,
vacca,
vadia,
vaffanculo,
vafl'a,
vafli lovit,
vag,
vagina,
vai tomar no cu,
vai-te foder,
vakipano,
valium,
vangare,
veado,
venire,
venus mound,
venusmound,
verga,
vergallen,
verkloten,
verneuken,
vete a la mierda,
vetÃ¤Ã¤ kÃ¤teen,
veuve,
viagra,
viarge,
vibrador,
vibrator,
viespeuk,
viiksi,
vingeren,
violet wand,
violetblue,
violetwand,
virgin,
vittu,
vittuilla,
vittuilu,
vittumainen,
vittuuntua,
vittuuntunut,
vitun,
vitusti,
vituttaa,
vitutus,
vixen,
vleesroos,
vodka,
vollpfosten,
vomit,
voor jan lul,
voor jan-met-de-korte-achternaam,
vorarephilia,
voyeur,
voyeurweb,
voyuer,
vulgar,
vulva,
vyperdysh,
vypÃ­Äenec,
vzdrochennyi,
vÃ¶geln,
w00se,
wad,
wang,
wank,
wanker,
wanky,
watje,
wazoo,
wedgie,
weed,
weenie,
weewee,
weiner,
weirdo,
welzijnsmafia,
wench,
wet dream,
wetback,
wetdream,
wh0re,
wh0reface,
white power,
whitepower,
whitey,
whiz,
whoar,
whoralicious,
whore,
whorealicious,
whored,
whoreface,
whorehopper,
whorehouse,
whores,
whoring,
wichse,
wichsen,
wichser,
wigger,
wijf,
willies,
willy,
wippen,
wkurwiaÄ‡,
womb,
womenrapping,
woody,
wop,
worldsex,
wrapping men,
wrappingmen,
wrinkled starfish,
wrinkledstarfish,
wtf,
wuftje,
x-rated,
xana,
xochota,
xrated,
xx,
xxx,
yaoi,
yarak,
yaraklar,
yaraklara,
yaraklarda,
yaraklardan,
yaraklarÄ±,
yaraklarÄ±n,
yarakta,
yaraktan,
yaraÄŸa,
yaraÄŸÄ±,
yaraÄŸÄ±n,
yeasty,
yeb vas,
yellow showers,
yellowshowers,
yiffy,
yobbo,
za'ebat,
zaadje,
zaebis,
zajebisty,
zakkenwasser,
zalupa,
zalupat,
zamenfek,
zaneto,
zasranetc,
zassat,
zeiken,
zeiker,
zigounette,
zinne,
zio cantante,
zizi,
zkurvit,
zkurvysyn,
zlo'ebuchy,
zmrd,
zoccola,
zoophile,
zoophilia,
zuigen,
zuiplap,
Ã¢nus,
Ã¤pÃ¤rÃ¤,
Ã§ingene,
Ã§ingenede,
Ã§ingeneden,
Ã§ingeneler,
Ã§ingenelerde,
Ã§ingenelerden,
Ã§ingenelere,
Ã§ingeneleri,
Ã§ingenelerin,
Ã§ingenenin,
Ã§ingeneye,
Ã§ingeneyi,
Ã©tron,
Ä‰iesulino,
Ä‰iesulo,
ÄumÄ›t,
ÄurÃ¡k,
Å¡oustat,
Å¡ulin,
Å¾rÃ¡t,
Ğ±Ğ°Ñ€Ğ´Ğ°Ğº,
Ğ±Ğ·Ğ´Ñ‘Ğ½Ğ¾Ğº,
Ğ±Ğ»ÑĞ´ĞºĞ¸,
Ğ±Ğ»ÑĞ´Ğ¾Ğ²Ğ°Ñ‚ÑŒ,
Ğ±Ğ»ÑĞ´ÑÑ‚Ğ²Ğ¾,
Ğ±Ğ»ÑĞ´ÑŒ,
Ğ±ÑƒĞ³Ğ¾Ñ€,
Ğ²Ğ¾ Ğ¿Ğ¸Ğ·Ğ´Ñƒ,
Ğ²ÑÑ‚Ğ°Ñ‚ÑŒ Ñ€Ğ°ĞºĞ¾Ğ¼,
Ğ²Ñ‹Ñ‘Ğ±Ñ‹Ğ²Ğ°Ñ‚ÑŒÑÑ,
Ğ³Ğ°Ğ½Ğ´Ğ¾Ğ½,
Ğ³Ğ¾Ğ²Ğ½Ğ¾,
Ğ³Ğ¾Ğ²Ğ½ÑĞº,
Ğ³Ğ¾Ğ»Ñ‹Ğ¹,
Ğ´Ğ°Ñ‚ÑŒ Ğ¿Ğ¸Ğ·Ğ´Ñ‹,
Ğ´ĞµÑ€ÑŒĞ¼Ğ¾,
Ğ´Ñ€Ğ¾Ñ‡Ğ¸Ñ‚ÑŒ,
Ğ´Ñ€ÑƒĞ³Ğ¾Ğ¹ Ğ´Ñ€Ğ°Ğ·Ğ½Ğ¸Ñ‚ÑÑ,
ĞµĞ±Ğ°Ñ‚ÑŒ,
ĞµĞ±Ğ°Ñ‚ÑŒ-ĞºĞ¾Ğ¿Ğ°Ñ‚ÑŒ,
ĞµĞ±Ğ»Ğ¾,
ĞµĞ±Ğ½ÑƒÑ‚ÑŒ,
Ğ¶Ğ¾Ğ¿Ğ°,
Ğ¶Ğ¾Ğ¿Ğ¾Ğ»Ğ¸Ğ·,
Ğ¸Ğ³Ñ€Ğ°Ñ‚ÑŒ Ğ½Ğ° ĞºĞ¾Ğ¶Ğ°Ğ½Ğ¾Ğ¹ Ñ„Ğ»ĞµĞ¹Ñ‚Ğµ,
Ğ¸Ğ·Ğ¼ÑƒĞ´Ğ¾Ñ…Ğ°Ñ‚ÑŒ,
ĞºĞ°Ğ¶Ğ´Ñ‹Ğ¹ Ğ´Ñ€Ğ¾Ñ‡Ğ¸Ñ‚ ĞºĞ°Ğº Ğ¾Ğ½ Ñ…Ğ¾Ñ‡ĞµÑ‚,
ĞºĞ°Ğº Ğ´Ğ²Ğ° Ğ¿Ğ°Ğ»ÑŒÑ†Ğ° Ğ¾Ğ±Ğ¾ÑÑĞ°Ñ‚ÑŒ,
ĞºĞ°ĞºĞ°Ñ Ñ€Ğ°Ğ·Ğ½Ğ¸Ñ†Ğ°,
ĞºÑƒÑ€Ğ¸Ñ‚Ğµ Ğ¼Ğ¾Ñ Ñ‚Ñ€ÑƒĞ±ĞºÑƒ,
Ğ»Ñ‹ÑĞ¾Ğ³Ğ¾ Ğ² ĞºÑƒĞ»Ğ°ĞºĞµ Ğ³Ğ¾Ğ½ÑÑ‚ÑŒ,
Ğ¼Ğ°Ğ»Ğ¾Ñ„ÑŒÑ,
Ğ¼Ğ°Ğ»Ğ¾Ñ„Ñ,
Ğ¼Ğ°Ğ½Ğ´Ğ°,
Ğ¼Ğ°Ğ½Ğ´Ğ°Ğ²Ğ¾ÑˆĞºĞ°,
Ğ¼ĞµĞ½Ñ‚,
Ğ¼ÑƒĞ´Ğ°,
Ğ¼ÑƒĞ´Ğ¸Ğ»Ğ¾,
Ğ¼ÑƒĞ´Ğ¾Ğ·Ğ²Ğ¾Ğ½,
Ğ¼ÑƒĞ´Ğ¾Ğ·Ğ¼Ğ¾Ğ½,
Ğ½Ğ° Ñ„Ğ¸Ğ³,
Ğ½Ğ° Ñ…ÑƒĞ¹,
Ğ½Ğ° Ñ…ÑƒÑ Ğ²ĞµÑ€Ñ‚ĞµÑ‚ÑŒ,
Ğ½Ğ° Ñ…ÑƒÑ,
Ğ½Ğ°ĞµĞ±Ğ°Ñ‚ÑŒ,
Ğ½Ğ°ĞµĞ±ĞµĞ½Ğ¸Ñ‚ÑŒÑÑ,
Ğ½Ğ°ĞµĞ±Ğ½ÑƒÑ‚ÑŒÑÑ,
Ğ½Ğ°Ñ…ÑƒÑÑ‡Ğ¸Ñ‚ÑŒÑÑ,
Ğ½Ğµ ĞµĞ±ĞµÑ‚,
Ğ½ĞµĞ²ĞµĞ±ĞµĞ½Ğ½Ñ‹Ğ¹,
Ğ½Ğ¸ Ğ·Ğ° Ñ…ÑƒĞ¹ ÑĞ¾Ğ±Ğ°Ñ‡Ñƒ,
Ğ½Ğ¸ Ñ…ÑƒÑ,
Ğ¾Ğ±Ğ½Ğ°Ğ¶ĞµĞ½Ğ½Ñ‹Ğ¹,
Ğ¾Ğ±Ğ¾ÑÑĞ°Ñ‚ÑŒÑÑ Ğ¼Ğ¾Ğ¶Ğ½Ğ¾,
Ğ¾Ğ´Ğ¸Ğ½ ĞµĞ±Ñ‘Ñ‚ÑÑ,
Ğ¾Ğ¿ĞµÑĞ´Ğ¾Ğ»,
Ğ¾Ñ„Ğ¸Ğ³ĞµÑ‚ÑŒ,
Ğ¾Ñ…ÑƒĞµÑ‚ÑŒ,
Ğ¾Ñ…ÑƒĞ¸Ñ‚ĞµĞ»ÑŒĞ½Ğ¾,
Ğ¾Ñ…ÑƒĞ¹Ñ‚ĞµĞ»ÑŒĞ½Ğ¾,
Ğ¿Ğ¾Ğ»Ğ¾Ğ²Ğ¾Ğµ ÑĞ½Ğ¾ÑˆĞµĞ½Ğ¸Ğµ,
ÑĞµĞºÑ,
ÑĞ¸ÑĞºĞ¸,
ÑĞ¸ÑÑŒĞºĞ¸,
ÑĞ¿Ğ¸Ğ·Ğ´Ğ¸Ñ‚ÑŒ,
ÑÑ€Ğ°Ñ‚ÑŒ,
ÑÑĞ°Ñ‚ÑŒ,
Ñ‚Ñ€Ğ°xĞ°Ñ‚ÑŒ,
Ñ‚Ñ‹ Ğ¼Ğ½Ğµ Ğ²Ğ°Ğ½ÑŒĞºÑƒ Ğ½Ğµ Ğ²Ğ°Ğ»ÑĞ¹,
Ñ„Ğ¸Ğ³Ğ°,
Ñ…Ğ°Ğ¿Ğ°Ñ‚ÑŒ,
Ñ…ĞµÑ€ Ñ Ğ½ĞµĞ¹,
Ñ…ĞµÑ€ Ñ Ğ½Ğ¸Ğ¼,
Ñ…Ğ¾Ñ…Ğ¾Ğ»,
Ñ…Ñ€ĞµĞ½,
Ñ…ÑƒĞµĞ¼ Ğ³Ñ€ÑƒÑˆĞ¸ Ğ¾ĞºĞ¾Ğ»Ğ°Ñ‡Ğ¸Ğ²Ğ°Ñ‚ÑŒ,
Ñ…ÑƒĞµĞ¿Ğ»ĞµÑ‚,
Ñ…ÑƒĞ¸Ğ»Ğ¾,
Ñ…ÑƒĞ¸Ğ½ĞµĞ¹ ÑÑ‚Ñ€Ğ°Ğ´Ğ°Ñ‚ÑŒ,
Ñ…ÑƒĞ¸Ğ½Ñ,
Ñ…ÑƒĞ¹,
Ñ…ÑƒĞ¹ Ğ¿Ğ¸Ğ½Ğ°Ñ‚ÑŒ,
Ñ…ÑƒĞ¹Ğ½ÑƒÑ‚ÑŒ,
Ñ…ÑƒÑ‘Ğ²Ğ¾,
Ñ…ÑƒÑ‘Ğ²Ñ‹Ğ¹,
Ñ‘Ğ± Ñ‚Ğ²Ğ¾Ñ Ğ¼Ğ°Ñ‚ÑŒ,
Ñ‘Ğ±Ğ°Ñ€ÑŒ,
Ø¢Ø¨ Ú©ÛŒØ±,
Ø¢Ø¨Ù… Ø§ÙˆÙ…Ø¯,
Ø¢Ø¨Ù…Ùˆ,
Ø¢Ø¨Ù…Ùˆ Ù¾Ø§Ø´ÛŒØ¯Ù…,
Ø¢Ø¨Ú©ÛŒØ±,
Ø¢Ø´ØºØ§Ù„,
Ø¢Ù„Øª,
Ø¢Ù„Øª ØªÙ†Ø§Ø³Ù„ÛŒ,
Ø§Ø¨Ù„Ù‡,
Ø§Ø¨Ù…Ùˆ,
Ø§Ø­ØªÙ„Ø§Ù…,
Ø§Ø­Ù…Ù‚,
Ø§Ø±Ú¯Ø§Ø³Ù…,
Ø§Ø³Ø¨,
Ø§Ø³Ø¨ÛŒ,
Ø§Ø³Ú©Ù„,
Ø§Ø³Ú¯Ù„,
Ø§ØºØªØµØ§Ø¨,
Ø§Ù„Ø§Øº,
Ø§Ù„Ø§Ù‚,
Ø§Ù†,
Ø§Ù†Ú¯Ù„,
Ø§Ù†ÛŒ,
Ø§ÙˆØ¨,
Ø§ÙˆØ¨Ù†Ù‡,
Ø§ÙˆØ¨ÛŒ,
Ø§ÙˆØ³Ú©Ù„,
Ø§ÙˆØ³Ú¯Ù„,
Ø§ÙˆØµÚ©Ù„,
Ø§ÙˆØµÚ¯Ù„,
Ø¨Ø§Ø³Ù†,
Ø¨Ø®ÙˆØ±Ø´,
Ø¨Ø¯Ø¨Ø®Øª,
Ø¨Ø¯Ø·ÛŒÙ†Øª,
Ø¨Ø±Ù‡Ù†Ù‡,
Ø¨Ø²,
Ø¨Ø²Ø§Ø²,
Ø¨Ø¸Ø±,
Ø¨Ù…Ø§Ù„,
Ø¨Ù‡ ØªØ®Ù… Ø§Ù‚Ø§Ù…,
Ø¨Ùˆ Ø²Ù†Ø§,
Ø¨ÙŠØ¶Ø§Ù†,
Ø¨Ù¾Ø±Ø±ÙˆØ´,
Ø¨Ù¾Ø±Ø³Ø±Ø´,
Ø¨Ú†Ù‡ Ø¨Ø§Ø²,
Ø¨Ú†Ù‡ Ú©ÙˆÙ†ÛŒ,
Ø¨Ú†Ù‡ Ú©ÛŒÙˆÙ†ÛŒ,
Ø¨Ú©Ø§Ø±Øª,
Ø¨Ú©Ù†,
Ø¨Ú©Ù† Ø¨Ú©Ù†,
Ø¨Ú©Ù† ØªÙˆØ´,
Ø¨Ú©Ù†Ø´,
Ø¨Ú©Ù†Ù…Øª,
Ø¨Ú©ÛŒØ±Ù…,
Ø¨ÛŒ Ø¢Ø¨Ø±Ùˆ,
Ø¨ÛŒ Ø®Ø§ÛŒÙ‡,
Ø¨ÛŒ Ø´Ø±Ù,
Ø¨ÛŒ Ø´Ø¹ÙˆØ±,
Ø¨ÛŒ Ø¹Ø±Ø¶Ù‡,
Ø¨ÛŒ Ø¹ÙØª,
Ø¨ÛŒ ØºÛŒØ±Øª,
Ø¨ÛŒ ÙØ§Ù†ÙˆØ³,
Ø¨ÛŒ Ù…ØµØ±Ù,
Ø¨ÛŒ Ù¾Ø¯Ø±,
Ø¨ÛŒ Ù¾Ø¯Ø±Ùˆ Ù…Ø§Ø¯Ø±,
Ø¨ÛŒØ§Ø¨Ø®ÙˆØ±Ø´,
Ø¨ÛŒØ´Ø¹ÙˆØ±,
Ø¨ÛŒÙ†Ø§Ù…ÙˆØ³,
ØªØ¬Ø§ÙˆØ²,
ØªØ®Ù…ÛŒ,
ØªØ±Ú©,
ØªÙ…Øµ,
ØªÙˆÙ„Ù‡ Ø³Ú¯,
Ø«Ø¯ÙŠ,
Ø¬Ø§Ú©Ø´,
Ø¬Ø§Ú©Ø´ÛŒ,
Ø¬Øº,
Ø¬ØºÛŒ,
Ø¬ÙÙ†Ú¯,
Ø¬Ù‚,
Ø¬Ù‚ÛŒ,
Ø¬Ù‚ÛŒÙ‡,
Ø¬Ù„Ù‚,
Ø¬Ù„Ù‚ Ø²Ø¯Ù†,
Ø¬Ù…Ø§Ø¹,
Ø¬Ù†Ø¯,
Ø¬Ù†Ø¯Ù‡,
Ø¬Ù†Ø¯Ù‡ Ø®Ø§Ù†Ù‡,
Ø¬Ù†Ø¯Ù‡ Ù¾ÙˆÙ„ÛŒ,
Ø¬Ù†Ø³ÛŒ,
Ø¬ÙˆÙˆÙ†,
Ø¬Ú©Ø³,
Ø­Ø±ÙˆÙ…Ø²Ø§Ø¯Ù‡,
Ø­Ø±ÙˆÙ…ÛŒ,
Ø­Ø±ÙˆÙ…â€ŒÙ„Ù‚Ù…Ù‡,
Ø­Ø´Ø±,
Ø­Ø´Ø±ÛŒ,
Ø­Ø´Ø±ÛŒ Ø´Ø¯Ù†,
Ø­Ù„Ù…Ø©,
Ø­ÛŒÙˆØ§Ù†ÛŒ,
Ø®Ø§Ø± Ø³ÙˆÙ„Ø§Ø®ÛŒ,
Ø®Ø§Ø±ØªÙˆ,
Ø®Ø§Ø±Ú©Ø³ Ø¯Ù‡,
Ø®Ø§Ø±Ú©Ø³Ø¯Ù‡,
Ø®Ø§Ø±Ú©Ø³Ù‡,
Ø®Ø§Ø±Ú©Ø³Ù‘Ù‡,
Ø®Ø§Ø±Ú©ÙˆÙ†ÛŒ,
Ø®Ø§Ø±Ú©ÛŒÙˆÙ†ÛŒ,
Ø®Ø§Ù†Ù… Ø¬Ù†Ø¯Ù‡,
Ø®Ø§ÛŒÙ‡,
Ø®Ø§ÛŒÙ‡ Ø®ÙˆØ±,
Ø®Ø§ÛŒÙ‡ Ù…Ø§Ù„,
Ø®Ø¨ÛŒØ«,
Ø®Ø±,
Ø®Ø±ÙØª,
Ø®Ø±ÛŒ,
Ø®Ø²,
Ø®ÙÙ‡,
Ø®ÙÙ‡ Ø®ÙˆÙ†,
Ø®ÙÙ‡ Ø´Ùˆ,
Ø®Ù†Ø«ÙŠ,
Ø®Ù†Ú¯,
Ø®ÙˆØ§Ù‡Ø±Ø¬Ù†Ø¯Ù‡,
Ø®ÙˆÙ„,
Ø®Ù¾Ù„,
Ø¯Ø§Ù,
Ø¯Ø§Ù Ù†Ø§Ø²,
Ø¯Ø®ØªØ±Ø¬Ù†Ø¯Ù‡,
Ø¯Ø®ØªØ±Ù‚Ø±ØªÛŒ,
Ø¯Ø±Ø§Ø²Ú¯ÙˆØ´,
Ø¯Ù„Ù‚Ú©,
Ø¯Ù„Ù‡,
Ø¯Ù‡Ù† Ø³Ø±ÙˆÛŒØ³,
Ø¯Ù‡Ù† Ú¯Ø§ÛŒÛŒØ¯Ù‡,
Ø¯Ù‡Ù†ØªÙˆ Ú¯Ø§ÛŒÛŒØ¯Ù…,
Ø¯Ù‡Ù†ØªÙˆØ¨Ø¨Ù†Ø¯,
Ø¯ÙˆØ¬Ù†Ø³Ù‡,
Ø¯ÙˆØ¯ÙˆÙ„,
Ø¯ÙˆØ¯ÙˆÙ„ Ø·Ù„Ø§,
Ø¯ÙˆØ³Øª Ø¯Ø®ØªØ±,
Ø¯ÙˆØ³Øª Ù¾Ø³Ø±,
Ø¯ÙˆÙ„,
Ø¯ÙˆÙ„ Ù†Ù†Ù‡,
Ø¯Ú©Ù„,
Ø¯ÛŒÙˆØ«,
Ø¯ÛŒÙˆØ³,
Ø¯ÛŒÙˆØ³ Ø®Ø§Ù†,
Ø¯ÛŒÙˆØµ,
Ø±Ø´ØªÛŒ,
Ø±ÛŒØ¯Ù…,
Ø±ÛŒØ¯Ù†,
Ø±ÛŒØ¯ÛŒ,
Ø²Ø§Ø®Ø§Ø±,
Ø²Ø§Ø±Øª,
Ø²Ø§Ù„Ùˆ,
Ø²Ø¨,
Ø²Ø±Ù†Ø²Ù†,
Ø²Ù† Ø¬Ù†Ø¯Ù‡,
Ø²Ù† Ù‚ÙˆÙ‡,
Ø²Ù†Ø§,
Ø²Ù†Ø§Ø²Ø§Ø¯Ù‡,
Ø²Ù†ØªÙˆ,
Ø²Ù†Ø´Ùˆ,
Ø²Ù†ÛŒÚ©Ù‡,
Ø³Ø§Ø¯ÛŒØ³Ù…ÛŒ,
Ø³Ø§Ú©,
Ø³Ø§Ú© Ø¨Ø²Ù†,
Ø³Ø§Ú© Ø²Ø¯Ù†,
Ø³Ø§Ú©Ø±,
Ø³Ø§Ú©ÙˆÙ†ÛŒ,
Ø³Ø­Ø§Ù‚,
Ø³Ø­Ø§Ù‚ÙŠØ©,
Ø³Ø±Ø®ÙˆØ±,
Ø³Ø±Ú©ÛŒØ±,
Ø³Ø³Ú©ÛŒ,
Ø³ÙƒØ³,
Ø³Ù„ÛŒØ·Ù‡,
Ø³Ù†Ø¯Ù‡,
Ø³ÙˆØªÛŒÙ†,
Ø³ÙˆØ±Ø§Ø® Ú©ÙˆÙ†,
Ø³ÙˆÙ„Ø§Ø®,
Ø³ÙˆÙ„Ø§Ø® Ù…Ø§Ø¯Ø±,
Ø³ÙˆÙ¾Ø±,
Ø³Ú©Ø³,
Ø³Ú©Ø³ Ú†Øª,
Ø³Ú©Ø³ Ú©Ø±Ø¯Ù†,
Ø³Ú©Ø³ÛŒ,
Ø³Ú©Ø³ÛŒ Ø¨Ø§Ø´,
Ø³Ú©Ø³ÛŒÙ…,
Ø³Ú©Ø³ÛŒÛŒ,
Ø³Ú¯ ØªÙˆ Ø±ÙˆØ­Øª,
Ø³Ú¯ ØµÙØª,
Ø³Ú¯ Ù¾Ø¯Ø±,
Ø³Ú¯Ù¾Ø¯Ø±,
Ø³Ú¯ÛŒ,
Ø³ÛŒÚ©ØªÛŒØ±,
Ø´Ø§Ø°,
Ø´Ø§Ø´,
Ø´Ø§Ø´ Ø¨Ù†Ø¯,
Ø´Ø§Ø´ Ø®Ø§Ù„ÛŒ,
Ø´Ø§Ø´ÛŒØ¯Ù…,
Ø´Ø§Ø´ÛŒØ¯Ù†,
Ø´Ø±Øª,
Ø´Ø±Ø¬,
Ø´Ø±Ù…ÙˆØ·Ø©,
Ø´ØºØ§Ù„,
Ø´Ù‚ Ú©Ø±Ø¯Ù†,
Ø´Ù†Ú¯ÙˆÙ„,
Ø´Ù‡ÙˆØ©,
Ø´Ù‡ÙˆØª,
Ø´Ù‡ÙˆØªÛŒ,
Ø´ÙˆÙ…Ø¨ÙˆÙ„,
Ø´ÙˆÙ†Ø¨ÙˆÙ„,
ØµÛŒØºÙ‡ Ø§ÛŒ,
Ø·ÙŠØ²,
Ø¸Ù†Ø§,
Ø¹Ø§Ù‡Ø±Ø©,
Ø¹Ø¨Ø§Ø³ÛŒ,
Ø¹Ø±Ø¨,
Ø¹Ø±Øµ,
Ø¹Ø±Ù‚ Ø®ÙˆØ±,
Ø¹Ù…ØªÙˆ,
Ø¹Ù…Ù‡ Ù†Ù†Ù‡,
Ø¹Ù†,
Ø¹Ù† Ø¯ÙˆÙ†ÛŒ,
Ø¹ÙˆØ¶ÛŒ,
ØºØ±Ù…Ø³Ø§Ù‚,
ØºØ±Ù…ØµØ§Ù‚,
ÙØ§Ø­Ø´Ù‡,
ÙØ§Ø­Ø´Ù‡ Ø®Ø§Ù†Ù…,
ÙØ§Ø±Ø³,
ÙØ±Ø¬,
ÙØ±Ùˆ Ú©Ù†,
ÙÛŒÙ„Ù… ØªØ¬Ø§ÙˆØ²,
ÙÛŒÙ„Ù… Ø³ÙˆÙ¾Ø±,
Ù‚Ø­Ø¨Ø©,
Ù‚Ø±ØªÛŒ,
Ù‚Ø±Ù…Ø¯Ù†Ú¯,
Ù‚Ø±Ù…Ø³Ø§Ù‚,
Ù‚Ø±Ù…ØµØ§Ù‚,
Ù‚Ø³,
Ù‚Ø¶ÙŠØ¨,
ÙƒØ³,
Ù„Ø§Ø³,
Ù„Ø§Ø´ Ú¯ÙˆØ´Øª,
Ù„Ø§Ø´Ø®ÙˆØ±,
Ù„Ø§Ø´ÛŒ,
Ù„Ø§Ù…ØµØ¨,
Ù„Ø§Ù¾Ø§,
Ù„Ø§Ù¾Ø§ÛŒÛŒ,
Ù„Ø§Ú©ÙˆÙ†ÛŒ,
Ù„Ø¨ÙˆØ©,
Ù„Ø¬Ù†,
Ù„Ø­Ø³,
Ù„Ø®Øª,
Ù„Ø®ØªÛŒ,
Ù„Ø±,
Ù„Ø²,
Ù„Ø´,
Ù„Ø¹Ù‚,
Ù„ÙˆØ§Ø·,
Ù„ÙˆØ·ÙŠ,
Ù…Ø§Ø¯Ø± Ø¬Ù†Ø¯Ù‡,
Ù…Ø§Ø¯Ø± ÙØ§Ú©Ø±,
Ù…Ø§Ø¯Ø±Ø¬Ù†Ø¯Ù‡,
Ù…Ø§Ø¯Ø±Ø³Ú¯,
Ù…Ø§Ø¯Ø±Ù‚Ù‡ÙˆÙ‡,
Ù…Ø§Ø¯Ø±Ú©ÙˆÙ†ÛŒ,
Ù…Ø§Ù„ÙˆÙ†Ø¯Ù†,
Ù…Ø§Ú†,
Ù…Ø§Ú† Ú©Ø±Ø¯Ù†ÛŒ,
Ù…Ø¨Ø§Ø¯Ù„,
Ù…ØªÙ†Ø§Ùƒ,
Ù…ØªÙ†Ø§ÙƒØ©,
Ù…Ø±ØªÛŒÚ©Ù‡,
Ù…Ø±Ø¯ÛŒÚ©Ù‡,
Ù…Ø±Ø¶ Ø¯Ø§Ø±ÛŒ,
Ù…Ø±Ø¶Ø¯Ø§Ø±ÛŒ,
Ù…Ø±Ú¯ Ø¨Ø±,
Ù…Ø´Ø±ÙˆØ¨,
Ù…Øµ,
Ù…ØºØ² Ù¾Ø±ÛŒÙˆØ¯ÛŒ,
Ù…ÙØªâ€ŒØ®ÙˆØ±,
Ù…ÙÙ„Ù‚Ø³Ø©,
Ù…Ù‚Ø¹Ø¯,
Ù…Ù„Ù†Ú¯,
Ù…Ù…Ù‡,
Ù…Ù…Ù‡ Ø®ÙˆØ±,
Ù…Ù†ÛŒ,
Ù…ÛŒØ®ÙˆØ±ÛŒØ´,
Ù†Ø§Ú©Ø³,
Ù†Ø±Ú©Ø¯Ù‡,
Ù†Ø¹Ø´Ù‡,
Ù†Ù†Øª,
Ù†Ù†ØªÙˆ,
Ù†Ù†Ù‡ Ù…Ø±Ø¯Ù‡,
Ù†Ù†Ù‡ Ù‡Ø²Ø§Ø± Ú©ÛŒØ±,
Ù†Ù‡ Ù†Ù‡ ØªÙˆ,
Ù†Ù‡â€ŒÙ†Ù‡ ØªÙˆ,
Ù†ÙŠÙƒ,
Ù†Ú©Ù†Ù…Øª,
Ù‡Ø±Ø²Ù‡,
Ù‡Ø²Ø§Ø± Ù¾Ø¯Ø±,
Ù‡Ù…Ø¬Ù†Ø³ Ø¨Ø§Ø²,
Ù‡Ù…Ø¬Ù†Ø³Ø¨Ø§Ø²,
Ù‡Ú©Ø±,
Ù‡Ú©Ú©,
Ù‡ÛŒØ²,
ÙˆÙ„Ø¯Ø²Ù†Ø§,
Ù¾Ø§Ú†Ù‡â€ŒØ®ÙˆØ§Ø±,
Ù¾ØªÛŒØ§Ø±Ù‡,
Ù¾Ø¯Ø± Ø³ÙˆØ®ØªÙ‡,
Ù¾Ø¯Ø± Ø³Ú¯,
Ù¾Ø¯Ø± ØµÙ„ÙˆØ§ØªÛŒ,
Ù¾Ø¯Ø±Ø³Ú¯,
Ù¾Ø±Ø¯ØªÙˆ,
Ù¾Ø±Ø¯Ù‡ Ø²Ù†,
Ù¾Ø±ÛŒÙˆØ¯,
Ù¾Ø³ØªØ§Ù†,
Ù¾Ø³ØªÙˆÙ†,
Ù¾Ø³ÙˆÙ†,
Ù¾Ø´Ù… Ú©ÙˆÙ†,
Ù¾Ø´Ù…Ø§Ù…,
Ù¾ÙÛŒÙˆØ³,
Ù¾Ù„Ø´Øª,
Ù¾ÙˆØ±Ù†,
Ù¾ÙˆØ±Ù†Ùˆ,
Ù¾Ù¾Ù‡,
Ú†Ø§ØºØ§Ù„,
Ú†Ø§Ù‚Ø§Ù„,
Ú†Ø±Ø¨ Ú©Ù†Ø´,
Ú†Ø³,
Ú†Ø³ Ø®ÙˆØ±,
Ú†Ø³ Ø®ÙˆØ±ÛŒ,
Ú†Ø³Ùˆ,
Ú†ÙˆØ³Ùˆ,
Ú†ÙˆÚ†ÙˆÙ„,
Ú©Ø§Ù†Ø¯Ù…,
Ú©Ø§Ù¾ÙˆØª,
Ú©Ø«,
Ú©Ø« Ù„ÛŒØ³,
Ú©Ø«Ø§ÙØª,
Ú©Ø±Ø¯Ù†,
Ú©Ø±Ø¯Ù†ÛŒ,
Ú©Ø±Ù…,
Ú©Ø³,
Ú©Ø³ Ø®Ù„,
Ú©Ø³ Ø®ÙˆØ±,
Ú©Ø³ Ø®ÛŒØ³,
Ú©Ø³ Ø¯Ø§Ø¯Ù†,
Ú©Ø³ Ù„ÛŒØ³,
Ú©Ø³ Ù„ÛŒØ³ÛŒØ¯Ù†,
Ú©Ø³ Ù†Ù†Øª,
Ú©Ø³ Ùˆ Ú©ÛŒØ±,
Ú©Ø³ Ú©Ø±Ø¯Ù†,
Ú©Ø³ Ú©Ø´,
Ú©Ø³Ø®Ù„,
Ú©Ø³Ø®ÙˆÙ„,
Ú©Ø³Ø´Ø¹Ø±,
Ú©Ø³Ù€Ø®Ù„,
Ú©Ø³Ù¾ÙˆÙ„ÛŒ,
Ú©Ø³Ú©Ø´,
Ú©Ø³Ú©ÛŒØ±,
Ú©Ø³â€ŒÚ©Ø´,
Ú©Øµ,
Ú©Øµ Ù„ÛŒØ³,
Ú©ØµØ®Ù„,
Ú©ØµØµ,
Ú©ØµØµÚ©Ø´,
Ú©ØµÙ¾Ø¯Ø±,
Ú©ØµÙ¾ÙˆÙ„ÛŒ,
Ú©ØµÚ©Ø´,
Ú©ØµÚ©Ù„Ú© Ø¨Ø§Ø²ÛŒ,
Ú©Ù€Ø³,
Ú©Ù€Ù€Ø³,
Ú©Ù€Ù€Ù€Ø³,
Ú©Ù€Ù€Ù€Ù€Ø³,
Ú©Ù€Ù€Ù€Ù€Ù€Ù€Ø³,
Ú©Ù€Ù€Ù€Ù€Ù€Ù€Ù€Ø³,
Ú©Ù€Ù€Ù€Ù€Ù€Ù€Ù€Ù€Ø³,
Ú©Ù€Ù€Ù€Ù€Ù€Ù€Ù€Ù€Ù€Ù€Ø³,
Ú©Ù„ÙØª,
Ú©Ù„Ù‡ Ú©Ø§Ù†Ø¯ÙˆÙ…ÛŒ,
Ú©Ù„Ù‡ Ú©ÛŒØ±ÛŒ,
Ú©ÙˆØ« Ù„ÛŒØ³,
Ú©ÙˆØ³,
Ú©ÙˆØ³ Ø®Ù„,
Ú©ÙˆØ³ Ø®ÙˆØ±,
Ú©ÙˆØ³ Ù„ÛŒØ³,
Ú©ÙˆØµ,
Ú©ÙˆØµ Ù„ÛŒØ³,
Ú©ÙˆÙ†,
Ú©ÙˆÙ† Ø¯Ø§Ø¯Ù†,
Ú©ÙˆÙ† Ø¯Ù‡,
Ú©ÙˆÙ† Ú©Ø±Ø¯Ù†,
Ú©ÙˆÙ† Ú¯Ù†Ø¯Ù‡,
Ú©ÙˆÙ†ØªÙˆ,
Ú©ÙˆÙ†Ø¯Ù‡,
Ú©ÙˆÙ†Ø´Ùˆ,
Ú©ÙˆÙ†Ù†,
Ú©ÙˆÙ†Ú©Ø´,
Ú©ÙˆÙ†ÛŒ,
Ú©ÙˆÙ†ÛŒ Ù…Ù‚Ø§Ù…,
Ú©ÙˆÙˆÙ†ÛŒ,
Ú©ÙˆÙˆÙ†ÛŒ Ú©ÙˆÙ†Øª,
Ú©ÙˆÙˆÙˆØ³,
Ú©ÛŒØ±,
Ú©ÛŒØ± Ø®Ø±,
Ú©ÛŒØ±Ø¯Ø±Ø§Ø²,
Ú©ÛŒØ±Ø¯ÙˆØ³,
Ú©ÛŒØ±Ø±,
Ú©ÛŒØ±Ù… Ø¯Ù‡Ù†Øª,
Ú©ÛŒØ±Ù…Ú©ÛŒØ¯Ù†,
Ú©ÛŒØ±Ù†Ø§Ø²,
Ú©ÛŒØ±ÙˆÚ©Ø³,
Ú©ÛŒØ±ÛŒ,
Ú©ÛŒÙˆÙ†,
Ú©ÛŒÙˆÙ†ÛŒ,
Ú¯Ø§Ùˆ,
Ú¯Ø§ÙˆÛŒ,
Ú¯Ø§Ú¯ÙˆÙ„,
Ú¯Ø§ÛŒØ¯Ù†,
Ú¯Ø§ÛŒØ¯ÛŒ,
Ú¯Ø§ÛŒÛŒØ¯Ù…,
Ú¯Ø§ÛŒÛŒØ¯Ù†,
Ú¯Ø§ÛŒÛŒÛŒØ¯Ù…,
Ú¯Ø§ÛŒÛŒÛŒÛŒØ¯Ù…,
Ú¯Ø§ÛŒÛŒÛŒÛŒÛŒØ¯Ù…,
Ú¯Ø§ÛŒÛŒÛŒÛŒÛŒÛŒØ¯Ù…,
Ú¯Ø±Ø¯Ù† Ø¯Ø±Ø§Ø²,
Ú¯Ø´Ø§Ø¯,
Ú¯Ù†Ø¯Ù‡ Ú¯ÙˆØ²,
Ú¯Ù‡,
Ú¯Ù‡ÛŒ,
Ú¯ÙˆØ²,
Ú¯ÙˆØ²Ùˆ,
Ú¯ÙˆØ³ÙÙ†Ø¯,
Ú¯ÙˆØ´ Ø¯Ø±Ø§Ø²,
Ú¯ÙˆÙ‡,
Ú¯ÙˆÙ‡ÛŒ,
Ú¯ÛŒ Ù…Ø§Ø¯Ø±,
à¸à¸£à¸°à¸”à¸­,
à¸à¸£à¸°à¸«à¸£à¸µà¹ˆ,
à¸à¸£à¸°à¹€à¸”à¹‰à¸²,
à¸à¸°à¸›à¸´,
à¸à¸¹,
à¸‚à¸µà¹‰,
à¸„à¸§à¸¢,
à¸ˆà¸´à¹‹à¸¡,
à¸ˆà¸¹à¹‹,
à¸”à¸­à¸à¸—à¸­à¸‡,
à¸•à¸­à¹à¸«à¸¥,
à¸•à¸¹à¸”,
à¸™à¹‰à¹à¸²à¹à¸•à¸,
à¸¡à¸¶à¸‡,
à¸£à¸¹à¸•à¸¹à¸”,
à¸¥à¹‰à¸²à¸‡à¸•à¸¹à¹‰à¹€à¸¢à¹‡à¸™,
à¸ªà¸±à¸”,
à¸ªà¹‰à¸™à¸•à¸µà¸™,
à¸«à¸à¸´à¸‡à¸Šà¸²à¸•à¸´à¸Šà¸±à¹ˆà¸§,
à¸«à¸¥à¸±à¹ˆà¸‡,
à¸«à¸µ,
à¸«à¹ˆà¸²,
à¸«à¹à¸²,
à¸­à¸¡à¸™à¸à¹€à¸‚à¸²,
à¹€à¸ˆà¸µà¹Šà¸¢à¸§,
à¹€à¸ˆà¹Šà¸,
à¹€à¸¢à¹‡à¸”,
à¹€à¸ªà¸·à¸­à¸,
à¹€à¸«à¸µà¹‰à¸¢,
à¹à¸¡à¹ˆà¸‡,
à¹„à¸­à¹‰à¸„à¸§à¸²à¸¢,
ã„ãŸãšã‚‰,
ãŠã—ã£ã“,
ãŠã—ã‚Š,
ãŠã—ã‚Šã®ã‚ãª,
ãŠã£ã±ã„,
ãŠã‚‚ã‚‰ã—,
ãŠå°»,
ã—ã°ã‚Š,
ã¡ã‚“ã“,
ãªã‚,
ãµãŸãªã‚Š,
ã¶ã£ã‹ã‘,
ã½ã£ã¡ã‚ƒã‚Š,
ã¾ã‚“ã“,
ã‚„ãŠã„,
ã‚„ã‚Šã¾ã‚“,
ã‚¢ã‚¸ã‚¢ã®ã‹ã‚ã„ã„å¥³ã®å­,
ã‚¢ã‚¹ãƒ›ãƒ¼ãƒ«,
ã‚¢ãƒŠãƒªãƒ³ã‚°ã‚¹,
ã‚¢ãƒŠãƒ«,
ã‚¤ãƒ©ãƒãƒã‚ª,
ã‚¦ã‚§ãƒ–ã‚«ãƒ¡ãƒ©,
ã‚¨ã‚¯ã‚¹ã‚¿ã‚·ãƒ¼,
ã‚¨ã‚¹ã‚³ãƒ¼ãƒˆ,
ã‚¨ãƒƒãƒ,
ã‚¨ãƒ­ãƒ†ã‚£ã‚ºãƒ ,
ã‚¨ãƒ­ãƒ†ã‚£ãƒƒã‚¯,
ã‚ªã‚«ãƒ,
ã‚ªã‚·ãƒª,
ã‚ªãƒƒãƒ‘ã‚¤,
ã‚ªãƒŠãƒ‹ãƒ¼,
ã‚ªãƒãƒ³ã‚³,
ã‚ªãƒ¼ã‚¬ã‚ºãƒ ,
ã‚«ãƒ³ãƒˆ,
ã‚«ãƒ¼ãƒã‚¹ãƒ¼ãƒˆãƒ©,
ã‚¯ãƒªãƒˆãƒªã‚¹,
ã‚¯ãƒ³ãƒ‹ãƒªãƒ³ã‚°ã‚¹,
ã‚°ãƒ«ãƒ¼ãƒ—ãƒ»ã‚»ãƒƒã‚¯ã‚¹,
ã‚°ãƒ­,
ã‚²ã‚¤ã®ç”·æ€§,
ã‚²ã‚¤ãƒœãƒ¼ã‚¤,
ã‚²ã‚¤ãƒ»ã‚»ãƒƒã‚¯ã‚¹,
ã‚³ã‚«ã‚¤ãƒ³,
ã‚´ãƒƒã‚¯ãƒ³,
ã‚´ãƒ¼ãƒ«ãƒ‡ãƒ³ã‚·ãƒ£ãƒ¯ãƒ¼,
ã‚µãƒ‡ã‚£ã‚ºãƒ ,
ã‚¹ã‚¦ã‚£ãƒ³ã‚¬ãƒ¼,
ã‚¹ã‚«ãƒˆãƒ­,
ã‚¹ã‚«ãƒ¼ãƒˆã®ä¸­,
ã‚¹ãƒˆãƒ©ãƒƒãƒ—ã‚ªãƒ³,
ã‚¹ãƒˆãƒªãƒƒãƒ—åŠ‡å ´,
ã‚¹ãƒ©ãƒƒãƒˆ,
ã‚¹ãƒªãƒƒãƒˆ,
ã‚»ã‚¯ã‚·ãƒ¼ãª,
ã‚»ã‚¯ã‚·ãƒ¼ãª 10 ä»£,
ã‚»ãƒƒã‚¯ã‚¹,
ã‚½ãƒ‰ãƒŸãƒ¼,
ãƒ†ãƒ¬ãƒ•ã‚©ãƒ³ã‚»ãƒƒã‚¯ã‚¹,
ãƒ‡ã‚£ãƒƒã‚¯,
ãƒ‡ã‚£ãƒ«ãƒ‰,
ãƒ‡ã‚£ãƒ¼ãƒ—ãƒ»ã‚¹ãƒ­ãƒ¼ãƒˆ,
ãƒ‡ãƒ–,
ãƒ‡ãƒ¼ãƒˆãƒ¬ã‚¤ãƒ—,
ãƒˆãƒƒãƒ—ãƒ¬ã‚¹,
ãƒ‰ãƒƒã‚°ã‚¹ã‚¿ã‚¤ãƒ«,
ãƒ‹ã‚¬ãƒ¼,
ãƒŒãƒ¼ãƒ‰,
ãƒã‚ªãƒ»ãƒŠãƒ,
ãƒãƒ¼ãƒ‰ã‚³ã‚¢,
ãƒã‚¤ãƒ–ãƒ¬ãƒ¼ã‚¿ãƒ¼,
ãƒãƒƒã‚¯ãƒ»ã‚¹ã‚¿ã‚¤ãƒ«,
ãƒ‘ã‚¤ãƒ‘ãƒ³,
ãƒ‘ãƒ³ãƒ†ã‚£ãƒ¼,
ãƒ“ãƒƒãƒ,
ãƒ•ã‚¡ãƒƒã‚¯,
ãƒ•ã‚¡ãƒ³ã‚¿ã‚¸ãƒ¼,
ãƒ•ã‚£ã‚¹ãƒˆ,
ãƒ•ã‚§ãƒ†ã‚£ãƒƒã‚·ãƒ¥,
ãƒ•ã‚§ãƒ©ãƒã‚ª,
ãƒ•ãƒƒã‚¯,
ãƒ—ãƒªãƒ³ã‚¹ ã‚¢ãƒ«ãƒãƒ¼ãƒˆ ãƒ”ã‚¢ã‚¹,
ãƒ—ãƒ¬ã‚¤ãƒœãƒ¼ã‚¤,
ãƒ™ã‚¢ãƒãƒƒã‚¯,
ãƒšãƒ‹ã‚¹,
ãƒšãƒ‹ã‚¹ãƒãƒ³ãƒ‰,
ãƒ›ãƒ¢,
ãƒœãƒ³ãƒ†ãƒ¼ã‚¸,
ãƒœãƒ¼ã‚¤ã‚ºãƒ©ãƒ–,
ãƒœãƒ¼ãƒ«ã‚’è¹´ã‚‹,
ãƒœãƒ¼ãƒ«ã‚®ãƒ£ã‚°,
ãƒãƒ«ãƒ,
ãƒãƒ«ãƒã‚°ãƒ©ãƒ•ã‚£ãƒ¼,
ãƒã‚¶ãƒ¼ãƒ»ãƒ•ã‚¡ãƒƒã‚«ãƒ¼,
ãƒã‚¹ã‚¿ãƒ¼ãƒ™ãƒ¼ã‚·ãƒ§ãƒ³,
ãƒ¦ãƒ€ãƒ¤äºº,
ãƒ©ãƒ†ã‚£ãƒ¼ãƒŠ,
ãƒ©ãƒãƒ¼,
ãƒ©ãƒ³ã‚¸ã‚§ãƒªãƒ¼,
ãƒ¬ã‚¤ãƒ—,
ãƒ¬ã‚ºãƒ“ã‚¢ãƒ³,
ãƒ­ãƒªãƒ¼ã‚¿,
ãƒ­ãƒ¼ã‚¿ãƒ¼,
ã—,
ä¸‰çº§ç‰‡,
ä¸‹ä¸‰çƒ‚,
ä¸‹è´±,
ä¸¡åˆ€,
ä¸¡æ€§,
ä¸¡æ€§å…·æœ‰,
ä¸ªè€å­çš„,
ä¸­å‡ºã—,
ä¹æ¸¸,
ä¹±äº¤,
ä¹³,
ä¹³äº¤,
ä¹³å¤´,
ä¹³æˆ¿,
ä¹³æ³¢è‡€æµª,
ä¹³é¦–,
äºŒç©´,
äº¤é…,
äººå¦»,
äººç¨®,
ä»†è¡—,
ä»–å¥¶å¥¶,
ä»–å¥¶å¥¶çš„,
ä»–å¥¶å¨˜çš„,
ä»–å¦ˆ,
ä»–å¦ˆã„‰ç‹å…«è›‹,
ä»–å¦ˆåœ°,
ä»–å¦ˆçš„,
ä»–å¨˜,
ä»–é©¬çš„,
ä½ ä¸ªå‚»æ¯”,
ä½ ä»–é©¬çš„,
ä½ å…¨å®¶,
ä½ å¥¶å¥¶çš„,
ä½ å¥¹é©¬çš„,
ä½ å¦ˆ,
ä½ å¦ˆçš„,
ä½ å¨˜,
ä½ å¨˜å¡å¥½,
ä½ å¨˜å’§,
ä½ å®ƒå¦ˆçš„,
ä½ å®ƒé©¬çš„,
ä½ æ˜¯é¸¡,
ä½ æ˜¯é¸­,
ä½ è€å‘³,
ä½ è€æ¯,
ä½ è€é—†,
ä½ é©¬çš„,
åšçˆ±,
å‚»æ¯”,
å‚»é€¼,
å…ç«¥æ€§è™å¾…,
å†Œé‚£,
å†šå®¶æ‹,
å†šå®¶éŸ,
å†›å¦“,
å‡ å…«,
å‡ å­,
å‡ å·´,
å‡ èŠ­,
åˆšåº¦,
åˆšç˜ªä¸‰,
å‰ƒæ¯›,
å‹ƒèµ·ã™ã‚‹,
åŒ…çš®,
åä¸‰ç‚¹,
å,
å–b,
å–æ¯”,
å–æ·«,
åµ,
åµå­,
åŒå³°å¾®é¢¤,
å£äº¤,
å£è‚¯,
å«åºŠ,
åƒå±,
åˆæ„ã®æ€§äº¤,
ååº­,
å¹ç®«,
å’¸å®¶ä¼¶,
å’¸å®¶éŸ,
å™´å‡º,
å¡ä½ å…¬,
å¡ä½ å¨˜,
å¡ä½ æ¯,
å¡ä½ çˆ¸,
å¡ä½ è€å¸ˆ,
å¡ä½ è€æ¯,
å£²æ˜¥å©¦,
å¤„å¥³,
å¤‰æ…‹,
å¤–é˜´,
å¤¢ç²¾,
å¤§åµå­,
å¤§åµæ³¡,
å¤§é™°å”‡,
å¤§é¸¡å·´,
å¥³ã®å­,
å¥³å­é«˜ç”Ÿ,
å¥³ç‹æ§˜,
å¥³è£…,
å¥´éš·,
å¥¶,
å¥¶å¥¶çš„ç†Š,
å¥¶å­,
å¥¸,
å¥¸ä½ ,
å¥¹å¦ˆåœ°,
å¥¹å¦ˆçš„,
å¥¹é©¬çš„,
å¦ˆb,
å¦ˆä¸ªb,
å¦ˆä¸ªæ¯”,
å¦ˆä¸ªè€æ¯”,
å¦ˆå¦ˆçš„,
å¦ˆæ¯”,
å¦ˆçš„,
å¦ˆçš„b,
å¦ˆé€¼,
å¦“,
å¦“å¥³,
å¦“é™¢,
å¦³å¥¹å¦ˆçš„,
å¦³å¦ˆçš„,
å¦³å¨˜çš„,
å¦³è€æ¯çš„,
å¦³é©¬çš„,
å§˜å¤´,
å§£è¥¿,
å§¦,
å¨˜ä¸ªæ¯”,
å¨˜çš„,
å©Šå­,
å©Šå­å…»çš„,
å«Œã„,
å«–å¨¼,
å«–å®¢,
å®ƒå¦ˆåœ°,
å®ƒå¦ˆçš„,
å®¦å®˜,
å¯†æ´,
å°„ä½ ,
å°„ç²¾,
å°ä¹³å¤´,
å°åµå­,
å°åµæ³¡,
å°ç˜ªä¸‰,
å°è‚‰ç²’,
å°éªšæ¯”,
å°éªšè´§,
å°é¸¡å·´,
å°é¸¡é¸¡,
å°»,
å°¿é“ãƒ—ãƒ¬ã‚¤,
å±çœ¼,
å±è‚¡,
å±„,
å±Œ,
å±å¿½,
å·¨ä¹³,
å·¨æ ¹,
å¹²xå¨˜,
å¹²ä¸ƒå…«,
å¹²ä½ ,
å¹²ä½ å¦ˆ,
å¹²ä½ å¨˜,
å¹²ä½ è€æ¯,
å¹²ä½ è‰¯,
å¹²å¦³å¦ˆ,
å¹²å¦³å¨˜,
å¹²å¦³è€æ¯,
å¹²å¦³é©¬,
å¹²æ‚¨å¨˜,
å¹²æœºæ°,
å¹²æ­»cs,
å¹²æ­»gm,
å¹²æ­»ä½ ,
å¹²æ­»å®¢æœ,
å¹³æ‰‹æ‰“ã¡,
å¹¹,
å¹¼å…,
å¹¼å…æ€§æ„›è€…,
å¼·å§¦çŠ¯,
å¼ºå¥¸,
å¼ºå¥¸ä½ ,
å¾ŒèƒŒä½,
æ€§,
æ€§äº¤,
æ€§å™¨,
æ€§æ— èƒ½,
æ€§çˆ±,
æƒ…è‰²,
æƒ³ä¸Šä½ ,
æ‡†æ‚¨å¦ˆ,
æ‡†æ‚¨å¨˜,
æ‡’8,
æ‡’å…«,
æ‡’å«,
æ‡’æ•™,
æˆäºº,
æˆ‘æ“ä½ ç¥–å®—åå…«ä»£,
æ‰‹ã‚³ã‚­,
æ‰’å…‰,
æ‰“ç‚®,
æ‰“é£æœº,
æŠ½æ’,
æ‹›å¦“,
æ‹·å•,
æŒ¿å…¥,
æ’ä½ ,
æ’æ­»ä½ ,
æ’’å°¿,
æ’š,
æ“ä½ ,
æ“ä½ å…¨å®¶,
æ“ä½ å¥¶å¥¶,
æ“ä½ å¦ˆ,
æ“ä½ å¨˜,
æ“ä½ ç¥–å®—,
æ“ä½ è€å¦ˆ,
æ“ä½ è€æ¯,
æ“å¦³,
æ“å¦³å…¨å®¶,
æ“å¦³å¦ˆ,
æ“å¦³å¨˜,
æ“å¦³ç¥–å®—,
æ“æœºæ°,
æ“æ¯”,
æ“é€¼,
æ”¯é…,
æ”¾è¡,
æ–°ã—ã„ãƒãƒ«ãƒ,
æ—¥ä»–å¨˜,
æ—¥ä½ ,
æ—¥ä½ å¦ˆ,
æ—¥ä½ è€å¨˜,
æ—¥ä½ è€æ¯,
æ—¥æ‰¹,
æœˆç»,
æœºå…«,
æœºå·´,
æœºæœºæ­ªæ­ª,
æ‚ç§,
æŸ’,
æ­£å¸¸ä½,
æ®ºã—æ–¹,
æ®ºäººäº‹ä»¶,
æ®ºäººæ–¹æ³•,
æ¯›æ·±ã„,
æµªå«,
æ·«,
æ·«ä¹±,
æ·«å¦‡,
æ·«æ£,
æ·«æ°´,
æ·«ç§½,
æ·«è¡,
æ·«è¥¿,
æ¹¿é€çš„å†…è£¤,
æ½®å¹ãå¥³,
æ½®å¹ãç”·æ€§,
æ¿€æƒ…,
ç¨ä½ å¨˜,
çƒ‚è´§,
çƒ‚é€¼,
çˆ›,
ç‹—å±,
ç‹—æ—¥,
ç‹—ç‹¼å…»çš„,
ç£å§¦,
ç‰ãªã‚,
ç‰æµ,
ç‰èˆã‚,
ç‹å…«è›‹,
ç“œå¨ƒå­,
ç“œå©†å¨˜,
ç“œæ‰¹,
ç”Ÿæ®–å™¨,
ç˜ªä¸‰,
ç™½çƒ‚,
ç™½ç—´,
ç™½ç™¡,
ç›´è…¸,
ç¡¬è† ,
ç¥–å®—,
ç§æœ,
ç¬¨å¯¦,
ç¬¨è›‹,
ç²‰è…¸,
ç²¾å­,
ç²¾æ¶²,
ç³,
ç³ä¾¿,
ç³å°¿æ„›å¥½ç—‡,
ç·Šç¸›,
ç¸›ã‚Š,
è€äºŒ,
è€å‘³,
è€æ¯,
è€ç˜ªä¸‰,
è€éªšæ¯”,
è€éªšè´§,
è‚‰å£,
è‚‰æ£å­,
è‚‰æ£’,
è‚‰ç¼,
è‚,
è‚›äº¤,
è‚›é–€,
è‚¥è¥¿,
è„±è¡£,
è†£,
è‡ªå·±æ„›æ€§,
è‰²æƒ…,
èŠ±æŸ³,
èŒ¶è‰²ã®ã‚·ãƒ£ãƒ¯ãƒ¼,
è¡å¦‡,
è£¸,
è£¸ã®å¥³æ€§,
è¦—ã,
èª˜æƒ‘,
è²æ“å¸¯,
è³¤,
è´è‚‰,
è´±b,
è´±äºº,
è´±è´§,
è´¼ä½ å¦ˆ,
èµ›ä½ è€æ¯,
èµ›å¦³é˜¿æ¯,
èµ£æ‚¨å¨˜,
è¶³ã‚’åºƒã’ã‚‹,
è¶³ãƒ•ã‚§ãƒ,
èºç™±,
è¼ªå§¦,
è½®å¥¸,
è¿‘è¦ªç›¸å§¦,
è¿·è¯,
é€¼,
é€¼æ ·,
é‡é¸¡,
é–ª,
é˜³å…·,
é˜³è,
é˜´å”‡,
é˜´æˆ·,
é˜´æ ¸,
é˜´æ¯›,
é˜´èŒ,
é˜´é“,
é˜´éƒ¨,
é™°æ¯›,
é™°è–,
é›å·´,
é åŒ—,
é æ¯,
é çˆ¸,
é èƒŒ,
é è…°,
é©æŠ‘åˆ¶,
é¨ä¸Šä½,
é©¶ä½ å…¬,
é©¶ä½ å¨˜,
é©¶ä½ æ¯,
é©¶ä½ çˆ¸,
é©¶ä½ è€å¸ˆ,
é©¶ä½ è€æ¯,
éªšæ¯”,
éªšè´§,
éªšé€¼,
é¬¼å…¬,
é³©,
é¸¡8,
é¸¡å…«,
é¸¡å­,
é¸¡å§,
é¸¡å¥¸,
é¸¡å·´,
é¸¡èŠ­,
é¸¡é¸¡,
é»’äºº,
é¾Ÿå„¿å­,
é¾Ÿå¤´,
ê°•ê°„,
ê°œìƒˆë¼,
ê°œìì‹,
ê°œì¢†,
ê°œì°¨ë°˜,
ê±°ìœ ,
ê³„ì§‘ë…„,
ê³ ì,
ê·¼ì¹œ,
ë…¸ëª¨,
ë‹ˆê¸°ë¯¸,
ë’¤ì§ˆë˜,
ë”¸ë”¸ì´,
ë•Œì”¹,
ë˜ë¼ì´,
ë™¤ë†ˆ,
ë¡œë¦¬íƒ€,
ë§ê°€,
ëª°ì¹´,
ë¯¸ì¹œ,
ë¯¸ì¹œìƒˆë¼,
ë°”ë°”ë¦¬ë§¨,
ë³€íƒœ,
ë³‘ì‹ ,
ë³´ì§€,
ë¶ˆì•Œ,
ë¹ êµ¬ë¦¬,
ì‚¬ê¹Œì‹œ,
ì„¹ìŠ¤,
ìŠ¤ì™€í•‘,
ìŒë†ˆ,
ì”¨ë°œ,
ì”¨ë°œë†ˆ,
ì”¨íŒ”,
ì”¹,
ì”¹ë¬¼,
ì”¹ë¹¨,
ì”¹ìƒˆë¼,
ì”¹ì•Œ,
ì”¹ì°½,
ì”¹íŒ”,
ì•”ìº,
ì• ì,
ì•¼ë™,
ì•¼ì‚¬,
ì•¼ì• ë‹ˆ,
ì—„ì°½,
ì—ë¡œ,
ì—¼ë³‘,
ì˜˜ë³‘,
ìœ ëª¨,
ìœ¡ê°‘,
ì€ê¼´,
ììœ„,
ìì§€,
ì¡ë…„,
ì¢…ê°„ë‚˜,
ì¢†,
ì¢†ë§Œ,
ì£½ì¼ë…„,
ì¥ì¢†,
ì§ì´¬,
ì§±ê¹¨,
ìª½ë°”ë¦¬,
ì°½ë…€,
í¬ë¥´ë…¸,
í•˜ë“œì½”ì–´,
í˜¸ë¡œ,
í™”ëƒ¥ë…„,
í›„ë ˆì•„ë“¤,
í›„ì¥,
í¬ì­ˆê·¸ë¦¬,
ğŸ–•,
ğ¡³,
ğ¨³Š,
ğ¨³,
ğ¨³’,
ğ¨¶™